date | done | assignee | distname | dist_author
2015-07-01 | 1 | thrig | ExtUtils-MakeMaker | bingos
2015-07-01 | 1 | jamessan | Template-Flute | hornburg
2015-07-01 | 1 | leejo | perl5i | mschwern
2015-07-01 | 1 | dionys | Poet | jswartz
2015-07-01 | 1 | tudorconstantin | Archive-Tar-Wrapper | mschilli
2015-07-01 | 1 | Viviparous | Mongoose | diegok
2015-07-01 | 1 | mjg17 | Cache-Memcached-AnyEvent | dmaki
2015-07-01 | 1 | SkySymbol | MooX-Struct | tobyink
2015-07-01 | 1 | choroba | DBIx-Class-EasyFixture | ovid
2015-07-01 | 1 | bk | Net-SSH2 | salva
2015-07-01 | 1 | jluis | HTML-FormHandler | gshank
2015-07-01 | 1 | 1nickt | Net-XMPP | psixdists
2015-07-01 | 1 | lejeunerenard | Data-Frame | zmughal
2015-07-01 | 1 | garu | WWW-Facebook-API | unobe
2015-07-01 | 1 | andyjack | Syntax-Highlight-Engine-Kate | szabgab
2015-07-01 | 1 | openstrike | Authen-SASL | gbarr
2015-07-01 | 1 | bentglasstube | Spreadsheet-Read | hmbrand
2015-07-01 | 1 | labrown | Email-MIME | psixdists
2015-07-01 | 1 | mishin | Data-MessagePack | syohex
2015-07-01 | 1 | paultcochrane | Device-Gsm | cosimo
2015-07-01 | 1 | rjbs | Test-Exception | exodist
2015-07-01 | 1 | ambs | Data-Dump | psixdists
2015-07-01 | 1 | manwar | DBIx-Class-Helpers | frew
2015-07-01 | 1 | cakirke | Tie-DBI | toddr
2015-07-01 | 1 | trwww | constant-tiny | saper
2015-07-01 | 1 | yanick | Catmandu-OAI | hochsten
2015-07-01 | 1 | joenio | cpan-outdated | tokuhirom
2015-07-01 | 1 | Sweet-kid | JSON-SL | mnunberg
2015-07-01 | 1 | kappa | Encode | psixdists
2015-07-01 | 1 | brainbuz | URI | ether
2015-07-01 | 1 | veryrusty | Proc-ProcessTable | jwb
2015-07-01 | 1 | zhouzhen1 | libnet | shay
2015-07-01 | 1 | shlomif | Net-Ping-External | chorny
2015-07-01 | 1 | brianmed | HTML-Tree | cjm
2015-07-01 | 1 | oalders | Perl-Critic | thaljef
2015-07-01 | 1 | doyleyoung | MojoMojo | mramberg
2015-07-01 | 1 | monsieurp | CPAN-Reporter | dagolden
2015-07-01 | 1 | neilb | Test-Mini | neilb
2015-07-01 | 1 | gh0stwizard | Net-SSH-Perl | schwigon
2015-07-01 | 1 | laouji | Vimana | cornelius
2015-07-01 | 1 | pauloscustodio | Gedcom | pjcj
2015-07-01 | 1 | jacoby | App-perlbrew | gugod
2015-07-01 | 1 | ratcristian | AnyEvent-JSONRPC | pmakholm
2015-07-01 | 1 | zoffixznet | Daemon-Control | symkat
2015-04-01 | 1 | veryrusty | XML-Parser | toddr
2015-04-01 | 1 | mnlagrasta | Moose | ether
2015-04-01 | 1 | jamessan | XML-Twig | mirod
2015-04-01 | 1 | lancew | Finance-Quote | ecocode
2015-04-01 | 1 | nawglan | App-cpanminus-reporter | garu
2015-04-01 | 1 | adelq | JavaScript-V8 | dgl
2015-04-01 | 1 | leejo | HTML-Tree | cjm
2015-04-01 | 1 | bjakubski | ZMQ-LibZMQ2 | dmaki
2015-04-01 | 1 | sdeseille | TermReadKey | jstowe
2015-04-01 | 1 | bugdebugger | Server-Starter | kazuho
2015-04-01 | 1 | gryphonshafer | File-Assets | rkrimen
2015-04-01 | 1 | hatorikibble | Unicode-Tussle | bdfoy
2015-04-01 | 1 | pwr22 | Parse-Keyword | doy
2015-04-01 | 1 | adamherzog | Net-Netmask | muir
2015-04-01 | 1 | choroba | AnyEvent-ForkManager | karupa
2015-04-01 | 1 | garu | Mojolicious-Plugin-ServerStatus | fukai
2015-04-01 | 1 | andyjack | Mojolicious-Plugin-JSUrlFor | koorchik
2015-04-01 | 1 | zhouzhen1 | Couchbase-Client | mnunberg
2015-04-01 | 1 | timgimyee | Mojolicious-Plugin-ParamsAuth | tempire
2015-04-01 | 1 | vti | Mojolicious-Plugin-Util-Endpoint | akron
2015-04-01 | 1 | moritz | Mojolicious-Plugin-Cache | sidd
2015-04-01 | 1 | agwind | CPAN-Meta | dagolden
2015-04-01 | 1 | Sweet-kid | Catmandu | nics
2015-04-01 | 1 | Viviparous | Path-Class | kwilliams
2015-04-01 | 1 | cakirke | Pinto | thaljef
2015-04-01 | 1 | herveus | HTTP-Message | ether
2015-04-01 | 1 | openstrike | App-AltSQL | ewaters
2015-04-01 | 1 | rjbs | Text-Autoformat | neilb
2015-04-01 | 1 | lharey | Git-CPAN-Patch | yanick
2015-04-01 | 1 | spechenin | Teng | satoh
2015-04-01 | 1 | ambs | Google-ProtocolBuffers | saxjazman
2015-04-01 | 1 | zoffixznet | Test-Pretty | tokuhirom
2015-04-01 | 1 | daleevans | PocketIO | vti
2015-04-01 | 1 | paultcochrane | Net-Stripe | rconover
2015-04-01 | 1 | diocles | Fedora-Bugzilla | rsrchboy
2015-04-01 | 1 | jluis | autobox-Core | xenu
2015-04-01 | 1 | kappa | PDL-Drawing-Prima | dcmertens
2015-04-01 | 1 | yanick | Validation-Class | awncorp
2015-04-01 | 1 | doyleyoung | App-ModuleBuildTiny | leont
2015-04-01 | 1 | bayashi | Catmandu-Importer-getJSON | voj
2015-04-01 | 1 | bk | MetaCPAN-Client | mickey
2015-04-01 | 1 | mishin | Pod-Simple | marcgreen
2015-04-01 | 1 | tudorconstantin | CPAN-Mini-Inject | mithaldu
2015-04-01 | 1 | xsawyerx | Dist-Metadata | rwstauner
2015-04-01 | 1 | mjg17 | Dancer-Plugin-Auth-Extensible | bigpresh
2015-04-01 | 1 | thrig | HTML-FillInForm | markstos
2015-04-01 | 1 | harris901 | Geo-Coder-Google | arcanez
2015-04-01 | 1 | manwar | Date-Manip | sbeck
2015-04-01 | 1 | shlomif | MojoX-JSON-RPC | henryykt
2015-04-01 | 1 | devogon | Reflex | rcaputo
2015-04-01 | 1 | kaoru | Jemplate | ingy
2015-04-01 | 1 | neilb | VSO | johnd
2015-04-01 | 1 | mcmillhj | Parse-CPAN-Meta | dagolden
2015-04-01 | 1 | athos-ribeiro | Promises | stevan
2015-04-01 | 1 | joenio | Data-Compare | dcantrell
2015-04-01 | 1 | internaught | WebService-UrbanDictionary | woodruffw
2015-04-01 | 1 | bieron | Web-Hippie | clkao
2015-04-01 | 1 | dolmen | Time-Piece | esaym
2015-08-01 | 1 | oalders | libwww-perl | capoeirab
2015-08-01 | 1 | pauloscustodio | Archive-Zip | phred
2015-08-01 | 1 | yanick | Template-Toolkit | abw
2015-08-01 | 1 | mjg17 | Net-SSH-Perl | schwigon
2015-08-01 | 1 | fluca1978 | XML-Parser | toddr
2015-08-01 | 1 | brianmed | Net-Ping-External | chorny
2015-08-01 | 1 | veryrusty | XML-Compare | neilb
2015-08-01 | 1 | Sweet-kid | SQL-Translator | ilmari
2015-08-01 | 1 | garu | Finance-Quote | ecocode
2015-08-01 | 1 | manwar | Dist-Zilla | rjbs
2015-08-01 | 1 | mnlagrasta | App-cpanminus-reporter | garu
2015-08-01 | 1 | lharey | HTML-Lint | petdance
2015-08-01 | 1 | paultcochrane | Template-Flute | hornburg
2015-08-01 | 1 | bk | Module-Signature | audreyt
2015-08-01 | 1 | zhouzhen1 | TimeDate | gbarr
2015-08-01 | 1 | elmerq | Rex | ferki
2015-08-01 | 1 | andyjack | Crypt-OpenPGP | sromanov
2015-08-01 | 1 | leejo | RT-Authen-ExternalAuth | falcone
2015-08-01 | 1 | joenio | Module-CPANTS-Analyse | ishigaki
2015-08-01 | 1 | jluis | Type-Tiny | tobyink
2015-08-01 | 1 | Viviparous | CGI-Session | markstos
2015-08-01 | 1 | sjohnston | Enbugger | jjore
2015-08-01 | 1 | devogon | CHI | jswartz
2015-08-01 | 1 | mishin | ZMQ-LibZMQ2 | dmaki
2015-08-01 | 1 | jamessan | Vimana | cornelius
2015-08-01 | 1 | ratcristian | Mongoose | diegok
2015-08-01 | 1 | lejeunerenard | Pod-Simple | marcgreen
2015-08-01 | 1 | shlomif | TermReadKey | jstowe
2015-08-01 | 1 | ambs | XML-Twig | mirod
2015-08-01 | 1 | cakirke | Box-Calc | rizen
2015-08-01 | 1 | jmaslak | Test-Continuous | gugod
2015-08-01 | 1 | zoffixznet | Win32-Process | jdb
2015-08-01 | 1 | rjbs | Code-TidyAll | drolsky
2015-08-01 | 1 | kappa | Number-Format | wrw
2015-08-01 | 1 | kaoru | Reindeer | rsrchboy
2015-08-01 | 1 | choroba | Test-Aggregate | rwstauner
2015-08-01 | 1 | openstrike | LWP-Protocol-https | mschilli
2015-08-01 | 1 | shuwnyuantee | Net-Google-Spreadsheets | danjou
2015-08-01 | 1 | neilb | Time-Progress | cade
2015-08-01 | 1 | monsieurp | Child | exodist
2015-08-01 | 1 | brainbuz | Time-ParseDate | muir
2015-08-01 | 1 | bentglasstube | Pod-Browser | perler
2015-12-01 | 0 | jacoby | libwww-perl | capoeirab
2015-12-01 | 1 | yanick | Net-SSH-Perl | schwigon
2015-12-01 | 1 | bpa | Finance-Quote | ecocode
2015-12-01 | 0 | rvandam | IPC-Run | toddr
2015-12-01 | 1 | oeuftete | SOAP-Lite | phred
2015-12-01 | 0 | turnstep | MojoMojo | mramberg
2015-12-01 | 1 | mbeijen | PDF-API2 | ssimms
2015-12-01 | 1 | andyjack | Enbugger | jjore
2015-12-01 | 1 | Jayceh | TermReadKey | jstowe
2015-12-01 | 1 | srvsh | RT-Client-REST | srvsh
2015-12-01 | 1 | gjtorikian | AnyEvent-Gearman | melo
2015-12-01 | 0 | estrabd | POE-Component-MessageQueue | ironcamel
2015-12-01 | 0 | athos-ribeiro | Git-PurePerl | psixdists
2015-12-01 | 1 | MasterDuke17 | Qudo | nekokak
2015-12-01 | 1 | paultcochrane | Barcode-DataMatrix | mstrat
2015-12-01 | 1 | bjakubski | Corona | miyagawa
2015-12-01 | 1 | alabamapaul | Plack-Middleware-File-Less | naoya
2015-12-01 | 1 | sjohnston | Perl-Critic | thaljef
2015-12-01 | 1 | Tordek | Devel-Cover | pjcj
2015-12-01 | 1 | dams | Dancer | bigpresh
2015-12-01 | 0 | daleevans | libnet | shay
2015-12-01 | 1 | jluis | Method-Signatures | barefoot
2015-12-01 | 1 | mjg17 | XML-Twig | mirod
2015-12-01 | 1 | Varadinsky | ack | petdance
2015-12-01 | 1 | shlomif | Scalar-List-Utils | pevans
2015-12-01 | 1 | tynovsky | GDGraph | ruz
2015-12-01 | 1 | alx542 | Rex | ferki
2015-12-01 | 1 | mcmillhj | Module-Starter | xsawyerx
2015-12-01 | 1 | basbloemsaat | Log-Log4perl | mschilli
2015-12-01 | 1 | leejo | WWW-Curl | szbalint
2015-12-01 | 1 | brad-mac | JavaScript-V8 | dgl
2015-12-01 | 1 | SysPete | DBIx-Class-Migration | jjnapiork
2015-12-01 | 1 | neilb | WWW-Wikipedia | bricas
2015-12-01 | 1 | rpack78 | WWW-Facebook-API | unobe
2015-12-01 | 1 | mnlagrasta | Mongoose | diegok
2015-12-01 | 0 | elmerq | HTML-Mason | drolsky
2015-12-01 | 1 | choroba | Net-Stripe | rconover
2015-12-01 | 1 | pauloscustodio | Syntax-Highlight-Engine-Kate | szabgab
2015-12-01 | 1 | bk | Reflex | rcaputo
2015-12-01 | 1 | hatorikibble | DBIx-Class-Fixtures | skaufman
2015-12-01 | 1 | lharey | Net-Netmask | muir
2015-12-01 | 1 | manwar | Net-Stripe | rconover
2015-12-01 | 1 | jamessan | Template-Semantic | tomita
2015-12-01 | 1 | ambs | Box-Calc | rizen
2015-12-01 | 1 | Viviparous | Test-HTTP-Server | sparky
2015-12-01 | 1 | fluca1978 | Parallel-Scoreboard | kazuho
2015-12-01 | 1 | openstrike | MooseX-Log-Log4perl | lammel
2015-12-01 | 1 | SkySymbol | Text-CSV | psixdists
2015-12-01 | 1 | devogon | Mouse | syohex
2015-12-01 | 1 | garu | DBM-Deep | rkinyon
2015-12-01 | 1 | zhouzhen1 | Net-XMPP | psixdists
2015-12-01 | 0 | kaoru | Net-Amazon | boumenot
2015-12-01 | 1 | jberger | MojoX-CPAN-Uploader | yko
2015-12-01 | 1 | cakirke | MooseX-Types-DateTime-ButMaintained | ecarroll
2015-12-01 | 1 | kappa | Test-TinyMocker | sukria
2015-12-01 | 1 | doyleyoung | Crypt-OpenSSL-VerifyX509 | chrisa
2015-12-01 | 1 | thrig | Module-ExtractUse | domm
2015-12-01 | 1 | dionys | String-MkPasswd | cgrau
2015-12-01 | 1 | neybar | Test-Database | book
2015-12-01 | 0 | itcharlie | Attean | gwilliams
2015-12-01 | 1 | mishin | File-Monitor | andya
2015-12-01 | 1 | davorg | Test-DBIx-Class-Schema | chisel
2015-12-01 | 0 | monsieurp | Array-Diff | typester
2015-10-01 | 0 | jmaslak | CPAN | andk
2015-10-01 | 1 | Varadinsky | YAML | psixdists
2015-10-01 | 1 | labrown | IPC-Run | toddr
2015-10-01 | 0 | pwr22 | Module-Install | ether
2015-10-01 | 1 | thrig | Net-Google-FederatedLogin | cebjyre
2015-10-01 | 1 | openstrike | AI-MegaHAL | chorny
2015-10-01 | 1 | devogon | Mojolicious-Plugin-Proxy | mramberg
2015-10-01 | 1 | bk | Statistics-Lite | brianl
2015-10-01 | 1 | ItaloGoncales | Archive-Any-Create | miyagawa
2015-10-01 | 1 | kappa | Task-Biodiverse-NoGUI | slaffan
2015-10-01 | 1 | garu | Pod-POM | neilb
2015-10-01 | 1 | kaoru | HTML-Mason | drolsky
2015-10-01 | 1 | jacoby | Expect | jacoby
2015-10-01 | 1 | paultcochrane | Kavorka | tobyink
2015-10-01 | 1 | mnlagrasta | XML-RSS-LibXML | dmaki
2015-10-01 | 1 | manwar | Vim-Debug | kablamo
2015-10-01 | 1 | ambs | Win32-Console | jdb
2015-10-01 | 1 | jamessan | KiokuDB | doy
2015-10-01 | 1 | leejo | Hijk | avar
2015-10-01 | 0 | zoffixznet | Catmandu-MARC | hochsten
2015-10-01 | 1 | shlomif | Net-Server-Mail | guimard
2015-10-01 | 1 | yanick | LMDB_File | sortiz
2015-10-01 | 1 | bentglasstube | XML-Generator-PerlData | khampton
2015-10-01 | 0 | lejeunerenard | perl-ldap | marschap
2015-10-01 | 1 | lharey | Devel-Pragma | chocolate
2015-10-01 | 1 | choroba | Net-SFTP-Foreign | salva
2015-10-01 | 1 | andyjack | UAV-Pilot | tmurray
2015-10-01 | 1 | kyzn | HTML-FormHandler-Model-DBIC | gshank
2015-10-01 | 1 | mjg17 | Squatting | beppu
2015-10-01 | 1 | Viviparous | Dist-Zilla-LocaleTextDomain | dwheeler
2015-10-01 | 1 | cakirke | Alien-TinyCC | dcmertens
2015-10-01 | 1 | jluis | Redis-Fast | shogo
2015-10-01 | 1 | pauloscustodio | Git-Repository-Plugin-Log | book
2015-10-01 | 1 | neilb | DateTime-Event-ICal | fglock
2015-10-01 | 1 | quicoju | MojoX-Routes-AsGraph | melo
2015-10-01 | 1 | bieron | MaxMind-DB-Writer | maxmind
2015-10-01 | 1 | dionys | Chart-Clicker | gphat
2015-10-01 | 1 | ramananbalakrishnan | HTTP-BrowserDetect | oalders
2015-10-01 | 1 | zhouzhen1 | Declare-CLI | exodist
2015-10-01 | 1 | monsieurp | GraphViz | rsavage
2015-10-01 | 1 | mishin | Feed-Find | btrott
2015-10-01 | 1 | SkySymbol | Mail-DeliveryStatus-BounceParser | rjbs
2015-10-01 | 1 | joenio | Mojolicious-Plugin-ValidateTiny | koorchik
2015-11-01 | 1 | yanick | Module-Info | neilb
2015-11-01 | 1 | kappa | Pegex | ingy
2015-11-01 | 1 | manwar | minismokebox | bingos
2015-11-01 | 1 | Varadinsky | Win32-Clipboard | jdb
2015-11-01 | 1 | choroba | Catmandu-PICA | jorol
2015-11-01 | 1 | leejo | MouseX-Types | gfuji
2015-11-01 | 1 | paultcochrane | Plack-App-FakeApache1 | chisel
2015-11-01 | 1 | kaoru | POE-Loop-Glib | apocal
2015-11-01 | 1 | pauloscustodio | mixin | mschwern
2015-11-01 | 1 | kyzn | HTML-StickyQuery-DoCoMoGUID | yappo
2015-11-01 | 1 | joenio | XML-API | mlawren
2015-11-01 | 1 | bk | Plack-Middleware-SizeLimit | audreyt
2015-11-01 | 1 | lharey | Mojolicious-Plugin-SslAuth | tempire
2015-11-01 | 1 | garu | Ubic-Service-Plack | mmcleric
2015-11-01 | 1 | andyjack | Log-Message-Structured | dams
2015-11-01 | 1 | jluis | File-Scan-ClamAV | esaym
2015-11-01 | 1 | devogon | MooseX-Types-Data-Serializer | bluefeet
2015-11-01 | 1 | openstrike | File-Comments | mschilli
2015-11-01 | 1 | Viviparous | Tk-FontDialog | srezic
2015-11-01 | 1 | mishin | Kelp | minimal
2015-11-01 | 1 | cakirke | Message-Passing-AMQP | abraxxa
2015-11-01 | 1 | neilb | MooseX-Getopt-Explicit | rhoelz
2015-11-01 | 1 | doyleyoung | App-autotest | ggoldbach
2015-11-01 | 1 | netangel | MouseX-AttributeHelpers | masaki
2015-11-01 | 1 | elmerq | Physics-Unit | klortho
2015-11-01 | 1 | zhouzhen1 | XML-Feed | davecross
2015-11-01 | 1 | vytas-dauksa | HTML-Template | psixdists
2015-11-01 | 1 | thrig | XML-SAX-Writer | perigrin
2015-11-01 | 1 | jamessan | HTTP-Cookies | gaas
2015-11-01 | 1 | shlomif | Rubyish | gugod
2015-11-01 | 0 | Sweet-kid | Parse-CSV | kwilliams
2015-11-01 | 1 | monsieurp | Test-Synopsis | zoffix
2015-11-01 | 1 | ambs | HTTP-Server-Simple | psixdists
2015-05-01 | 1 | lharey | Net-SSH-Perl | schwigon
2015-05-01 | 1 | jluis | DBI | timb
2015-05-01 | 1 | fluca1978 | Mouse | syohex
2015-05-01 | 1 | zoffixznet | SOAP-WSDL | swalters
2015-05-01 | 1 | bugdebugger | autodie | pjf
2015-05-01 | 1 | stefany93 | Module-Signature | audreyt
2015-05-01 | 1 | moritz | Module-CPANTS-Analyse | ishigaki
2015-05-01 | 1 | kaoru | Crypt-OpenPGP | sromanov
2015-05-01 | 1 | paultcochrane | RT-Authen-ExternalAuth | falcone
2015-05-01 | 1 | meAmidos | Twiggy | miyagawa
2015-05-01 | 1 | cakirke | CHI | jswartz
2015-05-01 | 1 | zhouzhen1 | POE | rcaputo
2015-05-01 | 1 | kappa | AnyEvent-Gearman | melo
2015-05-01 | 1 | tudorconstantin | Gedcom | pjcj
2015-05-01 | 1 | SkySymbol | Dist-Zilla-Plugin-RPM | skysymbol
2015-05-01 | 1 | ncstang | Test-RedisServer | songmu
2015-05-01 | 1 | mishin | Dist-Zilla-Plugin-Web | nplatonov
2015-05-01 | 1 | bieron | POE-Component-Supervisor | ether
2015-05-01 | 0 | genehack | Mojolicious-Plugin-RenderFile | koorchik
2015-05-01 | 1 | shlomif | Mojolicious-Plugin-RenderSteps | mramberg
2015-05-01 | 1 | andyjack | Perinci-CmdLine-Lite | perlancar
2015-05-01 | 1 | geofffranks | opts | mikihoshi
2015-05-01 | 1 | rjbs | Test-Harness | leont
2015-05-01 | 1 | garu | Text-CSV | psixdists
2015-05-01 | 1 | manwar | Text-Markdown | psixdists
2015-05-01 | 1 | bk | Data-Printer | garu
2015-05-01 | 1 | oalders | Switch | chorny
2015-05-01 | 1 | vti | Catalyst-Plugin-AutoCRUD | oliver
2015-05-01 | 1 | yanick | Makefile-Parser | agent
2015-05-01 | 1 | leejo | JavaScript-Packer | leejo
2015-05-01 | 1 | joenio | Method-Signatures | barefoot
2015-05-01 | 1 | diocles | Dist-Zilla-Plugin-ChangelogFromGit-CPAN-Changes | ioanr
2015-05-01 | 1 | bjakubski | Text-Hunspell | cosimo
2015-05-01 | 1 | openstrike | Test-TCP | tokuhirom
2015-05-01 | 1 | nawglan | PDL-Graphics-Prima | dcmertens
2015-05-01 | 1 | Viviparous | Rose-DB | jsiracusa
2015-05-01 | 1 | jamessan | Metabase-Client-Simple | dagolden
2015-05-01 | 1 | neilb | XML-Parser-Lite | phred
2015-05-01 | 1 | ambs | WWW-Wikipedia | bricas
2015-05-01 | 1 | sjohnston | Log-Syslog-Fast | athomason
2015-05-01 | 1 | daleevans | Text-BibTeX | ambs
2015-05-01 | 1 | trwww | Data-Transpose | hornburg
2015-05-01 | 1 | sdeseille | Dist-Zilla-Plugin-CheckPrereqsIndexed | rjbs
2015-05-01 | 1 | cavemanpi | WWW-YouTube-Download | oalders
2015-05-01 | 1 | choroba | Test-HTTP-Server | sparky
2015-05-01 | 1 | dolmen | Git-Repository | book
2015-05-01 | 1 | mnlagrasta | Regexp-Parser | toddr
2015-05-01 | 1 | mjg17 | LWPx-ParanoidHandler | tokuhirom
2015-05-01 | 1 | rvandam | WebService-MusicBrainz | bfaist
2015-05-01 | 1 | pauloscustodio | Authen-Captcha | lkundrak
2015-01-01 | 1 | flimm | Data-UUID | rjbs
2015-01-01 | 1 | manwar | Plack-Middleware-Session | miyagawa
2015-01-01 | 1 | nawglan | YAML-LibYAML | ingy
2015-01-01 | 1 | mjg17 | Sub-Uplevel | dagolden
2015-01-01 | 1 | rjbs | Test-File | bdfoy
2015-01-01 | 1 | bubaflub | Moo | haarg
2015-01-01 | 1 | frioux | namespace-sweep | friedo
2015-01-01 | 1 | reneeb | DateTime | drolsky
2015-01-01 | 1 | pangyre | HTTP-Proxy | book
2015-01-01 | 1 | book | Archive-Any | oalders
2015-01-01 | 1 | neilb | Text-Diff | psixdists
2015-01-01 | 1 | tvroom | Test-Class | ether
2015-01-01 | 1 | svatsan | Log-Log4perl | mschilli
2015-01-01 | 1 | heytitle | Compress-Bzip2 | rurban
2015-01-01 | 1 | mbeijen | DateTime-Format-Epoch | chorny
2015-01-01 | 1 | xsawyerx | MooseX-App | maros
2015-01-01 | 1 | mcmillhj | Cache-Memcached-Fast | kroki
2015-01-01 | 1 | Su-Shee | MouseX-NativeTraits | gfuji
2015-01-01 | 1 | jkg | RPC-XML | rjray
2015-01-01 | 1 | leejo | Exception-Base | dexter
2015-01-01 | 1 | nbezzala | DateTime-Format-Pg | dmaki
2015-01-01 | 1 | vti | HTML-FormFu | djzort
2015-01-01 | 1 | dginev | Keyword-Simple | mauke
2015-01-01 | 1 | simonaw | B-Hooks-EndOfScope | ether
2015-01-01 | 1 | skington | POE-Component-Client-Keepalive | rcaputo
2015-01-01 | 1 | Sweet-kid | IO-Socket-SSL | psixdists
2015-01-01 | 1 | zmughal | Clone | garu
2015-01-01 | 1 | paultcochrane | XML-NamespaceSupport | perigrin
2015-01-01 | 1 | fluca1978 | Test-Pod | ether
2015-01-01 | 1 | dams | JSON | makamaka
2015-01-01 | 1 | kyzn | Exporter-Declare | exodist
2015-01-01 | 1 | brad-mac | Dancer | bigpresh
2015-01-01 | 1 | chrestomanci | Module-Starter | xsawyerx
2015-01-01 | 1 | lancew | HTML-Form | gaas
2015-01-01 | 1 | shlomif | Graphics-Primitive | gphat
2015-01-01 | 1 | yanick | Message-Passing | abraxxa
2015-01-01 | 1 | thrig | Net-Amazon-S3 | rconover
2015-01-01 | 1 | davehodg | Crypt-OpenSSL-RSA | perler
2015-01-01 | 1 | oeuftete | Tk | srezic
2015-01-01 | 1 | tinypigdotcom | Devel-StackTrace-WithLexicals | sartak
2015-01-01 | 1 | bjakubski | Data-Stream-Bulk | doy
2015-01-01 | 1 | lejeunerenard | Template-Toolkit | abw
2015-01-01 | 1 | lorn | Data-Dump-Streamer | yves
2015-01-01 | 1 | garu | Fuse | dpates
2015-01-01 | 1 | avereha | HTML-Scrubber | nigelm
2015-01-01 | 1 | mvuets | SOAP-Lite | phred
2015-01-01 | 1 | labrown | String-Random | shlomif
2015-01-01 | 1 | filefrog | Crypt-OpenSSL-X509 | daniel
2015-01-01 | 1 | estrabd | Git-Wrapper | psixdists
2015-01-01 | 1 | mrcaron | Test-WWW-Selenium | mattp
2015-01-01 | 1 | moritz | Module-Find | crenz
2015-01-01 | 1 | elmerq | Modern-Perl | chromatic
2015-01-01 | 1 | marderh | Proc-ProcessTable | jwb
2015-01-01 | 1 | alejandrodau | Spreadsheet-ParseExcel | dougw
2015-01-01 | 1 | gryphonshafer | Dist-Zilla-Plugin-Test-Perl-Critic | jquelin
2015-01-01 | 1 | tsibley | PPI | mithaldu
2015-01-01 | 1 | netangel | URI-Template | psixdists
2015-01-01 | 1 | Viviparous | Devel-CheckLib | mattn
2015-01-01 | 1 | pjsg | Text-SimpleTable | mramberg
2015-01-01 | 1 | bk | Locale-Maketext-Lexicon | drtech
2015-01-01 | 1 | agranig | FileHandle-Fmode | sisyphus
2015-01-01 | 1 | genehack | Sys-Sendfile | leont
2015-01-01 | 1 | titanofold | Dist-Zilla-Plugin-RequiresExternal | mjgardner
2015-01-01 | 1 | fibo | Bot-Training | fibo
2015-01-01 | 1 | singularperturbation | Set-Functional | morninded
2015-01-01 | 1 | gjtorikian | AnyEvent-ZeroMQ | jrockway
2015-01-01 | 1 | hoytech | Test-CheckManifest | reneeb
2015-01-01 | 1 | teancom | JavaScript-Value-Escape | kazeburo
2015-01-01 | 1 | caipre | HTML-Template-Compiled | tinita
2015-01-01 | 1 | MasterDuke17 | AnyEvent-JSONRPC | pmakholm
2015-01-01 | 1 | wreis | Test-ConsistentVersion | cebjyre
2015-01-01 | 1 | alx542 | Dancer-Plugin-Mongo | ajct
2015-01-01 | 1 | senorsmile | PDL-Graphics-Gnuplot | zowie
2015-01-01 | 1 | paraplexed | DateTime-Set | fglock
2015-01-01 | 1 | merrilymeredith | Test-Mini | neilb
2015-01-01 | 1 | brownl | Video-Xine | stephen
2015-01-01 | 1 | Vadskye | Test-Easy | belden
2015-01-01 | 1 | esyphelon | Dancer2-Plugin-Database | ambs
2015-01-01 | 1 | diocles | IO-Digest | clkao
2015-01-01 | 1 | mstreuhofer | Plack-Middleware-DoCoMoGUID | yoshimi
2015-01-01 | 1 | Tordek | GDGraph | ruz
2015-01-01 | 1 | ojotoxy | XML-Compare | neilb
2015-01-01 | 1 | herveus | Pod-WSDL | jcop
2015-01-01 | 1 | athos-ribeiro | Vimana | cornelius
2015-01-01 | 1 | timgimyee | MooseX-Types-Locale-Country | moriya
2015-01-01 | 1 | jbarrett | Plack-App-Proxy-Selective | zentooo
2015-01-01 | 1 | bugdebugger | Git-PurePerl | psixdists
2015-01-01 | 1 | jscook | Data-Validate-Type | aubertg
2015-01-01 | 1 | Srynobio | Set-Scalar | davido
2015-01-01 | 1 | turnstep | DBD-ODBC | mjevans
2015-01-01 | 1 | briang | MooseX-Role-AttributeOverride | ealleniii
2015-01-01 | 1 | pwr22 | POE-Component-Server-Twirc | mmims
2015-01-01 | 1 | fredericorecsky | Plack-Middleware-File-Less | naoya
2015-01-01 | 1 | swuecho | Text-Xslate | syohex
2015-01-01 | 1 | lucaskanashiro | XML-Stream | dapatrick
2015-01-01 | 1 | veryrusty | Media-Type-Simple | rrwo
2015-01-01 | 1 | kdk | Storable-AMF | grian
2015-01-01 | 1 | kappa | Redis | psixdists
2015-01-01 | 1 | jluis | MetaCPAN-API-Tiny | jluis
2015-01-01 | 1 | openstrike | Dist-Zilla-App-Command-podpreview | pshangov
2015-01-01 | 1 | fluks | Test-Command | danboo
2015-01-01 | 1 | SparkeyG | Carp-Always | ferreira
2015-01-01 | 1 | bentglasstube | Perl-Critic | thaljef
2015-01-01 | 1 | ivanwills | Dancer-Plugin-Authen-Simple | spazm
2015-01-01 | 1 | mnlagrasta | Flickr-API | lbmoore
2015-01-01 | 1 | vytas-dauksa | File-Blarf | tex
2015-01-01 | 1 | ambs | Data-ObjectDriver | sixapart
2015-01-01 | 1 | tolid | Parallel-Scoreboard | kazuho
2015-01-01 | 1 | choroba | Net-HTTP-Spore | ash
2015-01-01 | 1 | tadegenban | Term-ProgressBar | psixdists
2015-01-01 | 1 | monsieurp | Dancer-Plugin-DBIC | ironcamel
2015-01-01 | 1 | mishin | Tatsumaki | chips
2015-01-01 | 1 | kaoru | Catalyst-View-Excel-Template-Plus | stevan
2015-01-01 | 1 | edwart | Net-LDAP-Server | aar
2015-01-01 | 1 | haarg | Test-Spec | andyjones
2015-01-01 | 1 | ncstang | File-MimeInfo | michielb
2015-01-01 | 1 | tbushell8512 | Plack-Middleware-ReverseProxyPath | bowmanbs
2015-01-01 | 1 | sgivan | Spreadsheet-WriteExcel | jmcnamara
2015-01-01 | 1 | dolmen | POE-Component-EasyDBI | gvl
2015-01-01 | 1 | LeHack | Test-Compile | egiles
2015-01-01 | 1 | perlpilot | File-SearchPath | tjenness
2015-01-01 | 1 | LesleyB | Devel-Comments | xiong
2015-01-01 | 1 | bieron | Net-OpenSSH | salva
2015-01-01 | 1 | manchicken | App-CLI-Extension | holly
2015-01-01 | 1 | miquelruiz | Module-Starter-Plugin-CGIApp | jaldhar
2015-01-01 | 1 | lharey | Test-Pod-Spelling-CommonMistakes | apocal
2015-01-01 | 1 | itcharlie | POE-Component-DirWatch | arcanez
2015-01-01 | 1 | jeffblack360 | Alien-IUP | kmx
2015-01-01 | 1 | rba | Dist-Zilla-Plugin-JSAN | nplatonov
2015-01-01 | 1 | royalkiran007 | Mozilla-CA | abh
2015-01-01 | 1 | sdeseille | Math-MatrixReal | leto
2015-01-01 | 1 | skaurus | Hessian-Translator | heytrav
2015-01-01 | 1 | jeturcotte | MooseX-CachingProxy | kablamo
2015-01-01 | 1 | mjemmeson | Pod-Weaver-PluginBundle-ReplaceBoilerplate | sgraham
2015-01-01 | 1 | doyleyoung | Crypt-Password-Util | perlancar
2015-01-01 | 1 | ntnl | Dancer-Plugin-WebDAV | shelling
2015-01-01 | 1 | cakirke | Mojolicious-Plugin-MethodOverride | graf
2015-01-01 | 1 | zsyed91 | Ouch | rizen
2015-01-01 | 1 | mradile | Dancer-Plugin-CDN | grantm
2015-01-01 | 1 | simoshab | Dist-Zilla-Plugin-Test-Fixme | arjones
2015-01-01 | 1 | bayashi | Module-Info-File | jonasbn
2015-01-01 | 1 | elindsey | Devel-hdb | brummett
2015-01-01 | 1 | jjhart | Text-Textile | bchoate
2015-01-01 | 1 | starbelly | Regexp-RegGrp | leejo
2015-01-01 | 1 | BrianRossmajer | Geometry-AffineTransform | liyanage
2015-01-01 | 1 | bambams | Plack-Session-State-URI | askadna
2015-01-01 | 1 | brummett | Data-Object | awncorp
2015-01-01 | 1 | somerandomlogin | Text-Truncate | ilv
2015-01-01 | 1 | thunter | Mojolicious-Plugin-MozPersona | hjansen
2015-01-01 | 1 | StarLightPL | Password-Policy | anelson
2015-01-01 | 1 | prakashk | Test-NoTabs | bobtfish
2015-01-01 | 1 | sergeyromanov | Inline-Python | psixdists
2015-01-01 | 1 | j1n3l0 | Data-Validate-Image | markellis
2015-01-01 | 1 | garfieldnate | HTML-ParseBrowser | neilb
2015-01-01 | 1 | chsanch | Plack-Middleware-DirIndex | llap
2015-01-01 | 1 | BrianMowrey | File-Temp | psixdists
2015-01-01 | 1 | andyjack | Catalyst-View-JSON | jjnapiork
2015-01-01 | 1 | nric62 | HTML-StripTags | hinnerk
2015-01-01 | 1 | deven | Hailo | avar
2015-01-01 | 1 | ramananbalakrishnan | Perl-Critic-OTRS | reneeb
2015-01-01 | 1 | jamessan | App-RecordStream | tsibley
2015-01-01 | 1 | spacebat | Module-Starter-Smart | rueycheng
2015-01-01 | 1 | geofffranks | WebService-Pushover | shuff
2015-01-01 | 1 | oalders | POEx-Role-PSGIServer | oalders
2015-01-01 | 1 | rvandam | Proc-Daemon | akreal
2015-02-01 | 1 | Sweet-kid | Prima | karasik
2015-02-01 | 1 | pwr22 | Archive-Zip | phred
2015-02-01 | 1 | dainapettit | libwww-perl | capoeirab
2015-02-01 | 1 | gjtorikian | Device-Modem | cosimo
2015-02-01 | 1 | doyleyoung | Test-Mini-Unit | pvande
2015-02-01 | 1 | jeffblack360 | Parse-CPAN-Packages-Fast | srezic
2015-02-01 | 1 | scottw | CPAN-Reporter | dagolden
2015-02-01 | 1 | haarg | Rex-Template-TT | jfried
2015-02-01 | 1 | pilcrow | Test-DatabaseRow | markf
2015-02-01 | 1 | lharey | Term-ReadLine-Perl5 | rocky
2015-02-01 | 1 | andyjack | Dist-Zilla | rjbs
2015-02-01 | 1 | shlomif | OOPS | muir
2015-02-01 | 1 | bentglasstube | Win32-OLE | jdb
2015-02-01 | 1 | oeuftete | Net-PcapWriter | sullr
2015-02-01 | 1 | adamherzog | URI | ether
2015-02-01 | 1 | rvandam | Win32API-File | chorny
2015-02-01 | 1 | dams | re-engine-PCRE | avar
2015-02-01 | 1 | perlpilot | TimeDate | gbarr
2015-02-01 | 1 | lejeunerenard | Devel-DProf | flora
2015-02-01 | 1 | neybar | MogileFS-Server | dormando
2015-02-01 | 1 | mnlagrasta | Encode | psixdists
2015-02-01 | 1 | herveus | AnyMQ | clkao
2015-02-01 | 1 | itcharlie | Store-CouchDB | norbu
2015-02-01 | 1 | cakirke | Plack-Middleware-Negotiate | voj
2015-02-01 | 1 | BrianRossmajer | PerlX-QuoteOperator-URL | draegtun
2015-02-01 | 1 | jluis | Sys-Path | jkutej
2015-02-01 | 1 | nawglan | Mojolicious-Plugin-Database | madcat
2015-02-01 | 1 | fluca1978 | MyCPAN-Indexer | bdfoy
2015-02-01 | 1 | wreis | MooseX-Types-DateTime-W3C | ajgb
2015-02-01 | 1 | skington | CatalystX-ExtJS-REST | perler
2015-02-01 | 1 | paultcochrane | Set-IntSpan-Partition | bjoern
2015-02-01 | 1 | mattmonsen | Enbugger | jjore
2015-02-01 | 1 | spacebat | Alien-CMake | plicease
2015-02-01 | 1 | ambs | MooseX-Role-Strict | ovid
2015-02-01 | 1 | genehack | WWW-Mechanize-Cached | oalders
2015-02-01 | 1 | bieron | Barcode-Code93 | mstrat
2015-02-01 | 1 | diocles | Geo-Distance | bluefeet
2015-02-01 | 1 | lancew | MooseX-Types-Parameterizable | jjnapiork
2015-02-01 | 1 | ntnl | Mojolicious-Plugin-DSC | berov
2015-02-01 | 1 | neilb | Tapper-Schema | tapper
2015-02-01 | 1 | Jayceh | XML-NamespaceFactory | perigrin
2015-02-01 | 1 | garu | Template-Plugin-Autoformat | karman
2015-02-01 | 1 | mbeijen | Archive-BagIt | rjeschmi
2015-02-01 | 1 | turnstep | Convert-PEM | btrott
2015-02-01 | 1 | veryrusty | Catalyst-Plugin-Session-State-Auth | zdk
2015-02-01 | 1 | monsieurp | Validate-Tiny | minimal
2015-02-01 | 1 | thaabit | Dancer-Logger-LogAny | mdorman
2015-02-01 | 1 | miquelruiz | Text-Phonetic | maros
2015-02-01 | 1 | lucaskanashiro | Text-Markup | dwheeler
2015-02-01 | 1 | jamessan | MooseX-Event | winter
2015-02-01 | 1 | dionys | Net-Proxy | book
2015-02-01 | 1 | kaoru | Sys-Syslog | saper
2015-02-01 | 1 | tvroom | Scalar-List-Utils | pevans
2015-02-01 | 1 | ncstang | Plack-Middleware-SocketIO | vti
2015-02-01 | 1 | paraplexed | Dancer-Template-MicroTemplate | jaitken
2015-02-01 | 1 | bjakubski | Math-GSL | ambs
2015-02-01 | 1 | mcmillhj | CatalystX-Resource | davewood
2015-02-01 | 1 | gaudeon | DBICx-MaterializedPath | ashley
2015-02-01 | 1 | brummett | JSON-RPC-Common | dmcbride
2015-02-01 | 1 | reneeb | DBIx-ThinSQL | mlawren
2015-02-01 | 1 | mjg17 | Novel-Robot-Parser | abbypan
2015-02-01 | 1 | flimm | Daemon-Control | symkat
2015-02-01 | 1 | kappa | Compress-LZW | mhoward
2015-02-01 | 1 | bennythejudge | WWW-Shorten-Googl | merixzon
2015-02-01 | 1 | mdrone | ICal-Format-Natural | arjones
2015-02-01 | 1 | quicoju | GD-SecurityImage | burak
2015-02-01 | 1 | oaxlin | Any-Template-ProcessDir | jswartz
2015-02-01 | 1 | rjbs | Ubic | mmcleric
2015-02-01 | 1 | Viviparous | Plack-App-CocProxy | satoh
2015-02-01 | 1 | kyzn | Dancer-Plugin-Auth-Basic | odyniec
2015-02-01 | 1 | xsawyerx | Net-FastCGI | chansen
2015-02-01 | 1 | sebokopter | UR | brummett
2015-02-01 | 1 | DizzyDogg | Alien-NSS | johanna
2015-02-01 | 1 | thrig | String-Template | plicease
2015-02-01 | 1 | pink-mist | SMS-AQL | bigpresh
2015-02-01 | 1 | jgoodman | Data-DPath-Validator | nperez
2015-02-01 | 1 | starbelly | Mojolicious-Plugin-WriteExcel | zakame
2015-02-01 | 1 | frioux | Plack-App-FakeApache | zarquon
2015-02-01 | 1 | leejo | MooseX-GlobRef | dexter
2015-02-01 | 1 | openstrike | MooseX-amine | genehack
2015-02-01 | 1 | intchanter | Jifty-DBI | alexmv
2015-02-01 | 1 | timgimyee | Message-MongoDB | diederich
2015-02-01 | 1 | bk | Image-Size | rjray
2015-02-01 | 1 | yanick | Ref-Explicit | pshangov
2015-02-01 | 1 | simonaw | Linux-PipeMagic | dlambley
2015-02-01 | 1 | athos-ribeiro | Plack-App-Proxy | leedo
2015-02-01 | 1 | estrabd | Sub-Identify | rgarcia
2015-02-01 | 1 | jscook | Pod-Elemental-Transformer-List | rjbs
2015-02-01 | 1 | oalders | Throwable | rjbs
2015-02-01 | 1 | heytitle | Plack-Handler-CLI | gfuji
2015-02-01 | 1 | dolmen | DBIx-Class-DateTime-Epoch | bricas
2015-02-01 | 1 | filefrog | Crypt-SaltedHash | gshank
2015-02-01 | 1 | choroba | Olson-Abbreviations | ecarroll
2015-02-01 | 1 | jbarrett | App-OS-Detect-MachineCores | dbr
2015-02-01 | 1 | khrt | Parse-BBCode | tinita
2015-02-01 | 1 | spechenin | SQL-Object | nekokak
2015-02-01 | 1 | geofffranks | AI-DecisionTree | kwilliams
2015-02-01 | 1 | harvested | Test-Requires-Env | zigorou
2015-02-01 | 1 | ponders | Makefile-DOM | agent
2015-02-01 | 1 | marderh | Plack-Test-AnyEvent | rhoelz
2015-02-01 | 1 | chrestomanci | Path-Dispatcher | sartak
2015-02-01 | 1 | vti | Readonly | sanko
2015-02-01 | 1 | manwar | Shell-Perl | rsavage
2015-02-01 | 1 | fozzmoo | Event | etj
2015-02-01 | 1 | meAmidos | MooX-Types-MooseLike | mateu
2015-02-01 | 1 | zhouzhen1 | Net-Twitter-Lite | mmims
2015-02-01 | 1 | ivanwills | Log-Any-Adapter-Log4perl | dagolden
2015-02-01 | 1 | rejitnatarajan | Data-Format-Pretty-Ruby | perlancar
2015-02-01 | 1 | BrianMowrey | W3C-SOAP | ivanwills
2015-02-01 | 1 | prateek88 | Proc-Simple | mschilli
2015-02-01 | 1 | harris901 | Constant-Generate | mnunberg
2015-02-01 | 1 | joenio | Module-Setup | yappo
2015-02-01 | 1 | book | Gravatar-URL | psixdists
2015-02-01 | 1 | mrcaron | HTML-Scrubber | nigelm
2015-03-01 | 1 | veryrusty | Dancer2 | xsawyerx
2015-03-01 | 1 | thrig | Term-Cap | jstowe
2015-03-01 | 1 | manwar | Dancer2-Plugin-Passphrase | hvoers
2015-03-01 | 1 | joenio | libnet | shay
2015-03-01 | 1 | kaoru | MojoMojo | mramberg
2015-03-01 | 1 | doyleyoung | ExtUtils-Install | bingos
2015-03-01 | 1 | Sweet-kid | Net-Ping-External | chorny
2015-03-01 | 1 | adamherzog | Win32-Process | jdb
2015-03-01 | 1 | devogon | Devel-NYTProf | timb
2015-03-01 | 1 | ivanwills | Devel-Cover | pjcj
2015-03-01 | 1 | simonaw | Lingua-EN-Number-IsOrdinal | rkitover
2015-03-01 | 1 | timgimyee | Mojolicious-Plugin-CGI | jhthorsen
2015-03-01 | 1 | bugdebugger | Fennec-Declare | exodist
2015-03-01 | 1 | estrabd | IO-All | ingy
2015-03-01 | 1 | daleevans | Devel-CheckOS | dcantrell
2015-03-01 | 1 | nric62 | DateTime-Astro | dmaki
2015-03-01 | 1 | wreis | Data-Thunk | flora
2015-03-01 | 1 | mdrone | MooseX-Method-Signatures | ether
2015-03-01 | 1 | chrestomanci | IO-Event | muir
2015-03-01 | 1 | meAmidos | CGI-Session | markstos
2015-03-01 | 1 | monsieurp | PkgConfig | plicease
2015-03-01 | 1 | lharey | DBIx-Class-EncodedColumn | wreis
2015-03-01 | 1 | genehack | BSON | psixdists
2015-03-01 | 1 | mjg17 | MooseX-TransactionalMethods | mjg
2015-03-01 | 1 | rjbs | Template-Mustache | psixdists
2015-03-01 | 1 | diocles | Qudo | nekokak
2015-03-01 | 1 | mnlagrasta | Catalyst-Model-Adaptor | bobtfish
2015-03-01 | 1 | cakirke | Plack-Middleware-REST | voj
2015-03-01 | 1 | zhouzhen1 | PRANG | mutant
2015-03-01 | 1 | athos-ribeiro | Test-Strict | manwar
2015-03-01 | 1 | jamessan | Tapir | ewaters
2015-03-01 | 1 | mishin | Dancer-Plugin-MemcachedFast | mfontani
2015-03-01 | 1 | geofffranks | AnyEvent-APNS | typester
2015-03-01 | 1 | jluis | Plack-Middleware-BetterStackTrace | gunya
2015-03-01 | 1 | fluca1978 | Mojolicious-Plugin-AnyData | shootnix
2015-03-01 | 1 | openstrike | Business-CPI | andre
2015-03-01 | 1 | sdeseille | AnyEvent-Ping | undef
2015-03-01 | 1 | filefrog | Path-Tiny | dagolden
2015-03-01 | 1 | quicoju | Mojolicious-Command-secret | shaw
2015-03-01 | 1 | labrown | Dancer-Template-Caml | vti
2015-03-01 | 1 | elindsey | Net-SIP | sullr
2015-03-01 | 1 | Viviparous | Net-TFTP | gbarr
2015-03-01 | 1 | heytitle | Tk-ObjScanner | ddumont
2015-03-01 | 1 | yanick | File-SharedNFSLock | fangly
2015-03-01 | 1 | lancew | Catalyst-Controller-POD | perler
2015-03-01 | 1 | tvroom | Net-GitHub | fayland
2015-03-01 | 1 | adelq | String-Compare-ConstantTime | fractal
2015-03-01 | 1 | svatsan | LaTeX-Encode | einhverfr
2015-03-01 | 1 | gryphonshafer | POE-Component-MessageQueue | ironcamel
2015-03-01 | 1 | rejitnatarajan | MooseX-Types-GTIN | dlambley
2015-03-01 | 1 | basbloemsaat | DBIx-Class-Fixtures | skaufman
2015-03-01 | 1 | choroba | Catalyst-View-TT-Alloy | djzort
2015-03-01 | 1 | shlomif | AppConfig | neilb
2015-03-01 | 1 | BrianMowrey | RDF-Trine-Node-Literal-XML | kjetilk
2015-03-01 | 1 | spechenin | App-Bootstrap-Perl | schwigon
2015-03-01 | 1 | andyjack | Code-TidyAll | drolsky
2015-03-01 | 1 | bk | HTML-Perlinfo | accardo
2015-03-01 | 1 | harris901 | Config-IPFilter | sanko
2015-03-01 | 1 | bjakubski | Google-SAML-Response | manni
2015-03-01 | 1 | neilb | PerlX-QuoteOperator | draegtun
2015-03-01 | 1 | bpa | Beam-Wire | preaction
2015-03-01 | 1 | brummett | Plack-Middleware-Recorder | rhoelz
2015-03-01 | 1 | moritz | Bio-Phylo | rvosa
2015-03-01 | 1 | leejo | Dist-Zilla-Role-MetaCPANInterfacer | bbyrd
2015-03-01 | 1 | hatorikibble | Image-Info | srezic
2015-03-01 | 1 | LesleyB | Filter-CommaEquals | gryphon
2015-03-01 | 1 | paultcochrane | Dist-Zilla-Plugin-Pinto-Add | thaljef
2015-03-01 | 1 | kappa | Data-Page-Navigation | kazeburo
2015-03-01 | 1 | mstreuhofer | Path-Extended | ishigaki
2015-03-01 | 1 | garu | Web-Library-UnderscoreJS | marcel
2015-03-01 | 1 | garfieldnate | Test-Portability-Files | abraxxa
2015-03-01 | 1 | nawglan | Proc-Pidfile | neilb
2015-03-01 | 1 | vti | JavaScript-Minifier | zoffix
2015-03-01 | 1 | mcmillhj | XML-FOAF | btrott
2015-03-01 | 1 | sjohnston | WWW-Sitemap-XML | ajgb
2015-03-01 | 1 | skington | HTML-Format | nigelm
2015-03-01 | 1 | JenishGnanasicamani | Email-Address-Loose | tomita
2015-03-01 | 1 | marderh | MIME-Lite | rjbs
2015-03-01 | 1 | jeffblack360 | WebService-Prowl | sekimura
2015-03-01 | 1 | mrcaron | Email-Send | rjbs
2015-03-01 | 1 | dolmen | Net-Disqus | madcat
2015-03-01 | 1 | ambs | Exobrain | pjf
2015-03-01 | 1 | rvandam | Test-MockObject | chromatic
2015-03-01 | 1 | zoffixznet | Pod-Simple-Wiki | jmcnamara
2015-03-01 | 1 | book | Archive-Tar | bingos
2015-03-01 | 1 | bieron | Log-Declare | chgovuk
2015-03-01 | 1 | tynovsky | Test-WWW-Mechanize | petdance
2015-03-01 | 1 | tudorconstantin | App-perlbrew | gugod
2015-03-01 | 1 | lucaskanashiro | Module-Path | neilb
2015-09-01 | 1 | kappa | Starman | miyagawa
2015-09-01 | 1 | openstrike | ack | petdance
2015-09-01 | 1 | jamessan | Alien-SVN | mschwern
2015-09-01 | 1 | leejo | POE-Component-Server-SimpleHTTP | bingos
2015-09-01 | 1 | zoffixznet | Text-CSV-Encoded | zarquon
2015-09-01 | 1 | cakirke | B-OPCheck | ether
2015-09-01 | 1 | ambs | Encode-Locale | gaas
2015-09-01 | 1 | andyjack | Sys-Mmap | toddr
2015-09-01 | 1 | elmerq | DBIx-Skinny | nekokak
2015-09-01 | 1 | mnlagrasta | CLDR-Number | patch
2015-09-01 | 1 | zhouzhen1 | Perl-Critic-StricterSubs | thaljef
2015-09-01 | 1 | shlomif | DBM-Deep | rkinyon
2015-09-01 | 1 | dnmfarrell | Net-Pcap | psixdists
2015-09-01 | 1 | jmaslak | Spiffy | ingy
2015-09-01 | 1 | yanick | App-gh | cornelius
2015-09-01 | 1 | devogon | ZMQ-LibZMQ3 | dmaki
2015-09-01 | 1 | bk | Template-Semantic | tomita
2015-09-01 | 1 | mjg17 | Number-Phone | dcantrell
2015-09-01 | 1 | paultcochrane | Mason | jswartz
2015-09-01 | 1 | mishin | Regexp-Assemble | rsavage
2015-09-01 | 1 | Viviparous | DBIx-Class-ResultSet-RecursiveUpdate | gshank
2015-09-01 | 1 | kaoru | PDL-Stats | maggiexyz
2015-09-01 | 1 | bentglasstube | Catmandu-RDF | voj
2015-09-01 | 1 | pauloscustodio | LWP-UserAgent-POE | mschilli
2015-09-01 | 1 | SkySymbol | HTTP-Async | kaoru
2015-09-01 | 1 | manwar | PDF-Create | manwar
2015-09-01 | 1 | garu | Catalyst-View-Email | dhoss
2015-09-01 | 1 | monsieurp | Data-Util | gfuji
2015-09-01 | 1 | neilb | Devel-TraceUse | book
2015-09-01 | 1 | netangel | Dancer-Plugin-Database | ambs
2015-09-01 | 1 | thrig | Process-SizeLimit-Core | audreyt
2015-09-01 | 1 | Sweet-kid | MooseX-Log-Log4perl | lammel
2015-09-01 | 1 | joenio | Unicode-LineBreak | nezumi
2015-09-01 | 1 | sebokopter | Geo-Coordinates-Converter | yappo
2015-09-01 | 1 | Varadinsky | Term-ExtendedColor | woldrich
2015-09-01 | 1 | choroba | HTML-Element-Replacer | accardo
2015-06-01 | 1 | paultcochrane | SQL-Translator | ilmari
2015-06-01 | 1 | jluis | Rex | ferki
2015-06-01 | 1 | bk | HTML-Lint | petdance
2015-06-01 | 1 | devogon | CHI | jswartz
2015-06-01 | 1 | zhouzhen1 | Mojolicious-Plugin-ConsoleLogger | tempire
2015-06-01 | 1 | openstrike | Box-Calc | rizen
2015-06-01 | 1 | cakirke | Data-Throttler | mschilli
2015-06-01 | 1 | kappa | XML-Loy | akron
2015-06-01 | 1 | trwww | Class-Std | chorny
2015-06-01 | 1 | phamer | Pod-Perldoc | mallen
2015-06-01 | 1 | ambs | WWW-Curl | szbalint
2015-06-01 | 1 | SkySymbol | Type-Tiny | tobyink
2015-06-01 | 1 | VadimPushtaev | Strehler | cymon
2015-06-01 | 1 | lharey | WWW-Mechanize | ether
2015-06-01 | 1 | meAmidos | Test-Vars | drolsky
2015-06-01 | 1 | mishin | Memcached-libmemcached | seanburke
2015-06-01 | 1 | kaoru | Bread-Board | yanick
2015-06-01 | 1 | manwar | IO-Tty | toddr
2015-06-01 | 1 | yanick | SVG | psixdists
2015-06-01 | 1 | lejeunerenard | Bot-BasicBot | hinrik
2015-06-01 | 1 | andyjack | Net-Curl | psixdists
2015-06-01 | 1 | choroba | File-LibMagic | psixdists
2015-06-01 | 1 | bessarabov | GitDDL | typester
2015-06-01 | 1 | mjg17 | Text-Tabs+Wrap | muir
2015-06-01 | 1 | neilb | LWP-Simple-REST | goncales
2015-06-01 | 1 | garu | Net-CLI-Interact | oliver
2015-06-01 | 1 | jamessan | parent | corion
2015-06-01 | 1 | zoffixznet | MojoX-Renderer-Alloy | ajgb
2015-06-01 | 1 | monsieurp | Mo | ingy
2015-06-01 | 1 | leejo | Sub-Call-Tail | ether
2015-06-01 | 1 | Viviparous | HTTP-Throwable | rjbs
2015-06-01 | 1 | bentglasstube | Orochi | dmaki
2015-06-01 | 1 | pauloscustodio | List-Compare | jkeenan
2015-06-01 | 1 | labrown | App-DPath | schwigon
2015-06-01 | 1 | doyleyoung | Path-Resource | rkrimen
2015-06-01 | 1 | krismatthews | Perl-Builtins | dfarrell
2015-06-01 | 1 | shlomif | Devel-LeakGuard-Object | ptc
2015-06-01 | 1 | thrig | Barcode-DataMatrix | mstrat
2015-06-01 | 1 | JenishGnanasicamani | App-p | ironcamel
2015-06-01 | 1 | cjhamil | Test-HTTP-Response | teejay
2015-06-01 | 1 | brainbuz | Path-Tiny | dagolden
2015-06-01 | 1 | joenio | PDF-Table | omega
2015-06-01 | 1 | Sweet-kid | String-Interpolate | neilb
2016-07-01 | 0 | Jayceh | Message-Passing-AMQP | abraxxa
2016-07-01 | 1 | shlomif | Dancer2-Plugin-Redis | syspete
2016-07-01 | 1 | lancew | XML-LibXML | shlomif
2016-07-01 | 1 | marderh | Test-WWW-Mechanize | petdance
2016-07-01 | 1 | Varadinsky | Number-Phone | dcantrell
2016-07-01 | 1 | paultcochrane | Module-Path | neilb
2016-07-01 | 1 | zhouzhen1 | PDF-Create | manwar
2016-07-01 | 1 | manwar | HTTP-Async | kaoru
2016-07-01 | 0 | alabamapaul | Bot-Cobalt | avenj
2016-07-01 | 1 | genio | MooseX-Attribute-Deflator | perler
2016-07-01 | 1 | pauloscustodio | POE-Component-Client-DNS | rcaputo
2016-07-01 | 1 | yanick | Text-Textile-Plaintext | rjray
2016-07-01 | 1 | starbelly | Dist-Zilla-Plugin-CheckChangeLog | fayland
2016-07-01 | 1 | jmaslak | Alien-Leptonica | zmughal
2016-07-01 | 1 | openstrike | Ref-Util | xsawyerx
2016-07-01 | 1 | choroba | IO-Socket-SSL | sullr
2016-07-01 | 1 | ambs | Algorithm-GooglePolylineEncoding | srezic
2016-07-01 | 1 | dionys | Test-Deep | rjbs
2016-07-01 | 0 | JenishGnanasicamani | YAML | ingy
2016-04-01 | 1 | choroba | Tk-ObjScanner | ddumont
2016-04-01 | 1 | pauloscustodio | Archive-Zip | phred
2016-04-01 | 1 | jluis | Statocles | preaction
2016-04-01 | 1 | Tordek | Module-Starter | xsawyerx
2016-04-01 | 1 | yanick | Alien-SVN | mschwern
2016-04-01 | 1 | Varadinsky | Hailo | avar
2016-04-01 | 1 | paultcochrane | Net-Redmine | gugod
2016-04-01 | 1 | kaoru | DBIx-Class-InflateColumn-Serializer | mruiz
2016-04-01 | 0 | jordivador | Git-CPAN-Hook | book
2016-04-01 | 1 | ambs | Dist-Zilla | rjbs
2016-04-01 | 1 | shlomif | ack | petdance
2016-04-01 | 1 | manwar | Dancer2-Plugin-Database | bigpresh
2016-04-01 | 0 | bieron | Selenium-Remote-Driver | gempesaw
2016-04-01 | 1 | stevieb9 | Test-Stream | exodist
2016-04-01 | 1 | zhouzhen1 | DBIx-Class-Sims | rkinyon
2016-04-01 | 1 | cakirke | Net-SSH2 | salva
2016-04-01 | 1 | jmaslak | Inline-Lua | rhoelz
2016-04-01 | 1 | lharey | WWW-Mechanize-PhantomJS | corion
2016-04-01 | 1 | JenishGnanasicamani | Archive-Any | oalders
2016-04-01 | 1 | brummett | Method-Signatures | barefoot
2016-04-01 | 1 | Viviparous | System-Command | book
2016-04-01 | 1 | dams | Net-Amazon-EC2 | mallen
2016-04-01 | 1 | mvgrimes | Parse-BBCode | tinita
2016-04-01 | 1 | openstrike | LWP-UserAgent-Paranoid | tsibley
2016-04-01 | 1 | monsieurp | Regexp-Assemble | rsavage
2016-08-01 | 1 | ambs | Module-Install | ether
2016-08-01 | 1 | yanick | Zonemaster | znmstr
2016-08-01 | 1 | Varadinsky | WWW-Mechanize | oalders
2016-08-01 | 1 | genio | Device-Modem | cosimo
2016-08-01 | 1 | openstrike | Exobrain | pjf
2016-08-01 | 1 | paultcochrane | Mo | tinita
2016-08-01 | 1 | jmaslak | CPAN-DistnameInfo | rjbs
2016-08-01 | 1 | lharey | Gravatar-URL | mschwern
2016-08-01 | 1 | lancew | Math-Cephes | shlomif
2016-08-01 | 0 | marderh | POE-Loop-EV | dbook
2016-08-01 | 1 | shlomif | Search-OpenSearch-Server | karman
2016-08-01 | 1 | manwar | Date-Holidays-CA_ES | mruiz
2016-08-01 | 0 | starbelly | DateTime-Format-CLDR | maros
2016-08-01 | 1 | zhouzhen1 | Digest-Whirlpool | avar
2016-08-01 | 1 | jluis | List-Objects-WithUtils | avenj
2016-08-01 | 1 | pauloscustodio | Proc-Daemon | akreal
2016-08-01 | 1 | choroba | Image-Size | rjray
2016-12-01 | 1 | yanick | Test2-Suite | exodist
2016-12-01 | 0 | nbezzala | POE-Component-Client-HTTP | rcaputo
2016-12-01 | 1 | lancew | Net-AMQP-RabbitMQ | markellis
2016-12-01 | 0 | jmaslak | File-ChangeNotify | drolsky
2016-12-01 | 1 | shlomif | Dancer2-Plugin-Auth-Extensible-Provider-DBIC | syspete
2016-12-01 | 1 | choroba | OrePAN2 | oalders
2016-12-01 | 0 | dionys | Locale-Codes | sbeck
2016-12-01 | 0 | Varadinsky | Devel-Examine-Subs | steveb
2016-12-01 | 1 | lharey | GraphViz | rsavage
2016-12-01 | 1 | paultcochrane | Math-Int128 | salva
2016-12-01 | 1 | ambs | WWW-Pastebin-PastebinCom-API | zoffix
2016-12-01 | 1 | kyzn | Monitoring-Livestatus | nierlein
2016-12-01 | 1 | openstrike | Image-Xpm | srezic
2016-12-01 | 1 | pauloscustodio | Mojolicious-Plugin-CaptchaRenderer | dmitrynod
2016-12-01 | 1 | genio | Foorum | fayland
2016-12-01 | 1 | manwar | Getopt-Long-Descriptive | rjbs
2016-12-01 | 0 | itcharlie | File-ShareDir | rehsack
2016-10-01 | 1 | pauloscustodio | URI | ether
2016-10-01 | 1 | genio | App-RecordStream | tsibley
2016-10-01 | 1 | manwar | Tk-FontDialog | srezic
2016-10-01 | 1 | ambs | Perl-Critic-StricterSubs | thaljef
2016-10-01 | 1 | yanick | SQL-Statement | rehsack
2016-10-01 | 1 | jmaslak | Role-REST-Client | kaare
2016-10-01 | 1 | choroba | parent | corion
2016-10-01 | 1 | paultcochrane | Crypt-OpenSSL-RSA | perler
2016-10-01 | 1 | lharey | Data-Transpose | hornburg
2016-10-01 | 1 | dionys | HTML-ExtractText | zoffix
2016-10-01 | 1 | kyzn | Catalyst-Controller-Validation-DFV | chisel
2016-10-01 | 1 | shlomif | Crypt-OpenSSL-DSA | kmx
2016-10-01 | 1 | openstrike | Time-Piece | esaym
2016-10-01 | 1 | nbezzala | File-MimeInfo | michielb
2016-10-01 | 0 | krismatthews | Parallel-ForkManager | yanick
2016-10-01 | 1 | jluis | Config-Model | ddumont
2016-11-01 | 1 | choroba | Test-Exception-LessClever | ether
2016-11-01 | 1 | jluis | Prima | karasik
2016-11-01 | 1 | shlomif | HTML-Mason | drolsky
2016-11-01 | 1 | ambs | Net-SFTP-Foreign | salva
2016-11-01 | 1 | Varadinsky | LWP-ConsoleLogger | oalders
2016-11-01 | 1 | jmaslak | Mojolicious-Plugin-MoreUtilHelpers | shaw
2016-11-01 | 1 | paultcochrane | Dist-Zilla-Plugin-GitHubREADME-Badge | fayland
2016-11-01 | 1 | manwar | InfluxDB-LineProtocol | domm
2016-11-01 | 1 | kyzn | BenchmarkAnything-Storage-Frontend-Lib | schwigon
2016-11-01 | 1 | openstrike | Dist-Zilla-Plugin-GitFmtChanges | rubykat
2016-11-01 | 1 | yanick | Perl-Unsafe-Signals | rgarcia
2016-11-01 | 1 | lancew | File-SharedNFSLock | fangly
2016-11-01 | 1 | lharey | Dezi | karman
2016-11-01 | 1 | genio | SVG-TT-Graph | llap
2016-11-01 | 1 | pauloscustodio | File-Next | petdance
2016-05-01 | 1 | kaoru | Perl-Critic | thaljef
2016-05-01 | 1 | lharey | MooseX-App | maros
2016-05-01 | 1 | nbezzala | re-engine-PCRE | avar
2016-05-01 | 0 | Tordek | Devel-TraceUse | book
2016-05-01 | 1 | ambs | WWW-xkcd | xsawyerx
2016-05-01 | 1 | Varadinsky | Test-Continuous | gugod
2016-05-01 | 1 | zhouzhen1 | POE-Component-Bundle-WebDevelopment | zoffix
2016-05-01 | 1 | paultcochrane | BackPAN-Index | mschwern
2016-05-01 | 0 | dams | Devel-Chitin | brummett
2016-05-01 | 1 | cakirke | RDF-Endpoint | gwilliams
2016-05-01 | 1 | openstrike | Mozilla-CA | abh
2016-05-01 | 1 | manwar | Mercury | preaction
2016-05-01 | 0 | genehack | Vim-Debug | kablamo
2016-05-01 | 1 | pauloscustodio | XML-NamespaceSupport | perigrin
2016-05-01 | 1 | jluis | POE | rcaputo
2016-05-01 | 1 | jmaslak | XML-Simple | grantm
2016-05-01 | 0 | stevieb9 | RDF-LinkedData | kjetilk
2016-05-01 | 1 | Viviparous | DateTime | drolsky
2016-05-01 | 1 | mcmillhj | HTML-Tidy | petdance
2016-05-01 | 1 | mvgrimes | App-githook-perltidy | mlawren
2016-05-01 | 0 | turnstep | Config-Find | salva
2016-05-01 | 1 | shlomif | JSON-Parse | bkb
2016-05-01 | 1 | Jayceh | File-Serialize | yanick
2016-05-01 | 1 | choroba | Image-Info | srezic
2016-05-01 | 1 | genio | Test-Differences | dcantrell
2016-05-01 | 1 | yanick | List-MoreUtils | rehsack
2016-01-01 | 1 | kaoru | Devel-Cover | pjcj
2016-01-01 | 1 | sdeseille | XML-XPath | manwar
2016-01-01 | 1 | adherzog | Scalar-List-Utils | pevans
2016-01-01 | 1 | lancew | HTML-Lint | petdance
2016-01-01 | 1 | Viviparous | perl5i | mschwern
2016-01-01 | 1 | hatorikibble | Pod-Perldoc | mallen
2016-01-01 | 1 | omega | Data-Frame | zmughal
2016-01-01 | 1 | jmaslak | DBM-Deep | rkinyon
2016-01-01 | 1 | Varadinsky | Attean | gwilliams
2016-01-01 | 1 | shlomif | Makefile-Parser | agent
2016-01-01 | 0 | alx542 | Net-Statsd | cosimo
2016-01-01 | 1 | fluca1978 | swat | melezhik
2016-01-01 | 1 | lejeunerenard | Plack-Middleware-Recorder | rhoelz
2016-01-01 | 1 | Sweet-kid | Test-DatabaseRow | markf
2016-01-01 | 1 | cakirke | ExtUtils-ModuleMaker | jkeenan
2016-01-01 | 1 | bjakubski | Git-Repository-Plugin-Log | book
2016-01-01 | 1 | bpa | Sys-Mmap | toddr
2016-01-01 | 1 | jluis | Text-CSV-Encoded | zarquon
2016-01-01 | 1 | openstrike | Log-Message-Structured | dams
2016-01-01 | 1 | estrabd | File-Scan-ClamAV | esaym
2016-01-01 | 1 | bieron | Net-SIP | sullr
2016-01-01 | 1 | paultcochrane | Tcl | vkon
2016-01-01 | 1 | brianmed | Number-Format | wrw
2016-01-01 | 1 | ambs | Webinject | nierlein
2016-01-01 | 1 | yanick | Nagios-Object | duncs
2016-01-01 | 1 | mvgrimes | Pod-Simple | khw
2016-01-01 | 1 | thrig | Web-API | lev
2016-01-01 | 1 | brummett | Module-ExtractUse | domm
2016-01-01 | 1 | pauloscustodio | String-MkPasswd | cgrau
2016-01-01 | 1 | xsawyerx | Net-Server-Mail | guimard
2016-01-01 | 1 | turnstep | Test-Synopsis | zoffix
2016-01-01 | 1 | lharey | Dist-Zilla-Plugin-ChangelogFromGit-CPAN-Changes | ioanr
2016-01-01 | 1 | jamessan | Test-BDD-Cucumber | sargie
2016-01-01 | 1 | manwar | Catalyst-Plugin-ErrorCatcher | chisel
2016-01-01 | 1 | elmerq | Alien-SDL | froggs
2016-01-01 | 1 | skington | Mojolicious-Plugin-Recaptcha | dmitrynod
2016-01-01 | 1 | genehack | Geo-IP | maxmind
2016-01-01 | 1 | Tordek | DBD-CSV | hmbrand
2016-01-01 | 1 | mcmillhj | Dist-Zilla-Plugin-CoalescePod | yanick
2016-01-01 | 1 | monsieurp | OptArgs | mlawren
2016-01-01 | 1 | zhouzhen1 | Juju | adamjs
2016-01-01 | 1 | mephinet | Mail-DeliveryStatus-BounceParser | rjbs
2016-01-01 | 1 | dams | MIME-Lite | rjbs
2016-01-01 | 1 | Jayceh | Data-UUID | rjbs
2016-01-01 | 1 | choroba | Net-SSH-Perl | schwigon
2016-01-01 | 1 | davorg | App-perlbrew | gugod
2016-01-01 | 1 | nbezzala | Template-Flute | hornburg
2016-01-01 | 1 | SysPete | Expect | jacoby
2016-01-01 | 1 | alabamapaul | Git-Sub | dolmen
2016-01-01 | 0 | fredericorecsky | Template-Caribou | yanick
2016-01-01 | 1 | 1nickt | Cache-FastMmap | robm
2016-01-01 | 0 | LeHack | Date-Manip | sbeck
2016-01-01 | 1 | StarLightPL | Parse-Syslog-Line | blhotsky
2016-01-01 | 1 | nawglan | Config-Onion | dsheroh
2016-01-01 | 1 | j1n3l0 | Dist-Zilla-Plugin-Test-CPAN-Changes | doherty
2016-02-01 | 1 | jamessan | Dancer2 | cromedome
2016-02-01 | 1 | itcharlie | Proc-ProcessTable | jwb
2016-02-01 | 1 | Tordek | WebService-Solr | petdance
2016-02-01 | 1 | zhouzhen1 | HTTP-Proxy | book
2016-02-01 | 1 | SkySymbol | Plack-Debugger | stevan
2016-02-01 | 1 | jluis | DBD-ODBC | mjevans
2016-02-01 | 1 | openstrike | POE-Component-Client-Keepalive | rcaputo
2016-02-01 | 1 | mcmillhj | Interchange6 | hornburg
2016-02-01 | 1 | ambs | IRI | gwilliams
2016-02-01 | 1 | dams | Message-Passing | abraxxa
2016-02-01 | 1 | monsieurp | Task-Biodiverse-NoGUI | slaffan
2016-02-01 | 1 | mvgrimes | autodie | pjf
2016-02-01 | 1 | lejeunerenard | Smart-Comments | neilb
2016-02-01 | 1 | shlomif | Monitoring-Plugin | nierlein
2016-02-01 | 1 | brummett | Tie-DBI | toddr
2016-02-01 | 1 | paultcochrane | Template-Mustache | yanick
2016-02-01 | 1 | brianmed | Import-Base | preaction
2016-02-01 | 1 | yanick | Pod-Readme | rrwo
2016-02-01 | 1 | Varadinsky | Convert-BinHex | stephen
2016-02-01 | 1 | cakirke | JavaScript-Minifier | zoffix
2016-02-01 | 1 | thrig | Mojolicious-Plugin-ParamExpand | shaw
2016-02-01 | 1 | jmaslak | Dist-Zilla-Plugin-ReadmeAnyFromPod | rthompson
2016-02-01 | 1 | choroba | GeoIP2 | maxmind
2016-02-01 | 1 | davorg | IO-Socket-Timeout | dams
2016-02-01 | 1 | Viviparous | Crypt-OpenSSL-Bignum | kmx
2016-02-01 | 1 | estrabd | AppConfig | neilb
2016-02-01 | 1 | Jayceh | XML-Feed | davecross
2016-02-01 | 1 | manwar | App-TimeTracker | domm
2016-02-01 | 1 | lharey | Lingua-EN-PluralToSingular | bkb
2016-02-01 | 1 | nawglan | POE-Component-Client-UserAgent | rcaputo
2016-02-01 | 0 | elmerq | URI-NamespaceMap | kjetilk
2016-02-01 | 1 | pauloscustodio | Pod-Spell | dolmen
2016-03-01 | 1 | jamessan | DBD-mysql | michielb
2016-03-01 | 1 | manwar | Devel-hdb | brummett
2016-03-01 | 1 | Varadinsky | GDGraph | ruz
2016-03-01 | 1 | jmaslak | Device-Gsm | cosimo
2016-03-01 | 1 | xsawyerx | Test-Database | book
2016-03-01 | 1 | hatorikibble | Promises | stevan
2016-03-01 | 1 | bieron | Plack-Middleware-SSI | zarquon
2016-03-01 | 1 | brummett | Sub-Identify | rgarcia
2016-03-01 | 1 | stevieb9 | Dancer-Plugin-Database | bigpresh
2016-03-01 | 1 | jordivador | RDF-Trine | gwilliams
2016-03-01 | 1 | lharey | XML-SAX-Writer | perigrin
2016-03-01 | 1 | Tordek | Dancer2-Plugin-Auth-Extensible | hornburg
2016-03-01 | 1 | thrig | PDL-Graphics-Gnuplot | zowie
2016-03-01 | 1 | estrabd | Const-Exporter | rrwo
2016-03-01 | 1 | yanick | Alien-pdf2json | zmughal
2016-03-01 | 1 | cakirke | POE-Component-Logger | dolmen
2016-03-01 | 1 | pauloscustodio | WWW-YouTube-Download | oalders
2016-03-01 | 1 | openstrike | XML-SAX-Base | grantm
2016-03-01 | 1 | zhouzhen1 | HTML-Template-Compiled | tinita
2016-03-01 | 1 | paultcochrane | MojoX-Transaction-WebSocket76 | dionys
2016-03-01 | 1 | choroba | Plack-Middleware-ReverseProxyPath | bowmanbs
2016-03-01 | 1 | mcmillhj | Test-Mojibake | syp
2016-03-01 | 1 | davorg | Alien-TALib | vikas
2016-03-01 | 1 | Jayceh | Moo-Lax | dams
2016-03-01 | 1 | Viviparous | Git-CPAN-Patch | yanick
2016-03-01 | 1 | shlomif | Sys-Cmd | mlawren
2016-03-01 | 1 | kaoru | Bread-Board | yanick
2016-03-01 | 1 | genehack | Text-Markup | dwheeler
2016-03-01 | 1 | ambs | WWW-Shorten | capoeirab
2016-03-01 | 1 | monsieurp | URI-Find | mschwern
2016-09-01 | 1 | openstrike | App-DPath | schwigon
2016-09-01 | 1 | yanick | WWW-Mechanize-Cached | oalders
2016-09-01 | 1 | lancew | CatalystX-ExtJS-Direct | perler
2016-09-01 | 1 | jmaslak | POE-Component-Client-Ping | rcaputo
2016-09-01 | 1 | pauloscustodio | Data-Rmap | bowmanbs
2016-09-01 | 1 | manwar | WWW-Pastebin-PastebinCa-Retrieve | zoffix
2016-09-01 | 1 | lharey | HTML-Selector-XPath | corion
2016-09-01 | 1 | shlomif | MooseX-Role-Loggable | xsawyerx
2016-09-01 | 1 | genio | Math-FFT | shlomif
2016-09-01 | 1 | Viviparous | Beam-Emitter | preaction
2016-09-01 | 1 | choroba | String-Interpolate | neilb
2016-09-01 | 1 | paultcochrane | PDF-API2 | ssimms
2016-09-01 | 1 | jluis | Text-vCard | llap
2016-06-01 | 1 | openstrike | SOAP-Lite | phred
2016-06-01 | 1 | jluis | Pinto | thaljef
2016-06-01 | 1 | ambs | Gedcom | pjcj
2016-06-01 | 1 | shlomif | Test-Strict | manwar
2016-06-01 | 1 | genio | Test-Mini | neilb
2016-06-01 | 0 | brummett | Text-Hunspell | cosimo
2016-06-01 | 1 | yanick | UR | brummett
2016-06-01 | 1 | zhouzhen1 | Rubyish | gugod
2016-06-01 | 1 | jmaslak | Makefile-DOM | agent
2016-06-01 | 0 | xsawyerx | Net-Proxy | book
2016-06-01 | 1 | Viviparous | Text-BibTeX | ambs
2016-06-01 | 1 | Varadinsky | Net-OpenSSH | salva
2016-06-01 | 1 | lharey | Pod-Browser | perler
2016-06-01 | 1 | dionys | Class-Virtual | mschwern
2016-06-01 | 0 | mvgrimes | FFI-Raw | alexbio
2016-06-01 | 1 | pauloscustodio | POE-Loop-Tk | rcaputo
2016-06-01 | 0 | kaoru | MaxMind-DB-Reader | maxmind
2016-06-01 | 1 | manwar | Kwalify | srezic
2016-06-01 | 0 | m0veax | Media-Type-Simple | rrwo
2016-06-01 | 0 | cakirke | Plack-Test-AnyEvent | rhoelz
2016-06-01 | 1 | paultcochrane | Algorithm-TokenBucket | kappa
2016-06-01 | 1 | choroba | Git-Repository | book
2016-06-01 | 0 | athos-ribeiro | Text-Aligner | shlomif
2016-06-01 | 0 | StarLightPL | App-Genpass | xsawyerx
2016-06-01 | 0 | bjakubski | Data-Compare | dcantrell
2016-06-01 | 0 | sdeseille | Mail-Builder | maros
2016-06-01 | 0 | mcmillhj | MooX-Cmd | rehsack
2016-06-01 | 1 | lancew | String-CamelSnakeKebab | kablamo
2016-06-01 | 0 | lorn | Hook-AfterRuntime | exodist
2016-06-01 | 0 | srvsh | HTTP-BrowserDetect | oalders
2016-06-01 | 0 | jacoby | IPC-System-Simple | pjf
2016-06-01 | 1 | kyzn | HiD | genehack
2016-06-01 | 0 | pwr22 | JSON-Create | bkb
2016-06-01 | 1 | Jayceh | URI-Fetch | neilb
2016-06-01 | 1 | monsieurp | Test-Portability-Files | abraxxa
2017-07-01 | 1 | manwar | Inline-C | tinita
2017-07-01 | 1 | simbabque | Catalyst-Controller-HTML-FormFu | nigelm
2017-07-01 | 1 | yanick | Clustericious | plicease
2017-07-01 | 1 | lancew | Net-SSH-Perl-WithSocks | bdfoy
2017-07-01 | 1 | paultcochrane | Plack-Test-AnyEvent | rhoelz
2017-07-01 | 1 | shlomif | RDF-LinkedData | kjetilk
2017-07-01 | 1 | jjatria | Setup-File | perlancar
2017-07-01 | 1 | perlancar | POE-Component-Resolver | rcaputo
2017-07-01 | 1 | lharey | Tree-Binary | rsavage
2017-07-01 | 1 | cv-library | PPI | mithaldu
2017-07-01 | 1 | kyzn | Class-Inspector | plicease
2017-07-01 | 1 | choroba | Action-Retry | dams
2017-07-01 | 1 | genio | Method-Lexical | chocolate
2017-07-01 | 1 | ZipRecruiter | Twitter-API | mmims
2017-07-01 | 1 | openstrike | HTTP-Message | oalders
2017-07-01 | 0 | monsieurp | String-CRC32 | leejo
2017-04-01 | 1 | yati-sagade | App-Sqitch | dwheeler
2017-04-01 | 1 | jluis | Env-C | mschout
2017-04-01 | 1 | genio | MooseX-FileAttribute | ether
2017-04-01 | 1 | simbabque | Convert-Binary-C | mhx
2017-04-01 | 1 | yanick | true | chocolate
2017-04-01 | 1 | abzaloid | App-GitGot | genehack
2017-04-01 | 1 | lancew | HTML-FormFu-Model-DBIC | nigelm
2017-04-01 | 1 | jjatria | Stepford | maxmind
2017-04-01 | 1 | manwar | Log-Defer-Viz | fractal
2017-04-01 | 1 | openstrike | Devel-ebug | awwaiid
2017-04-01 | 1 | shlomif | Method-Signatures-Simple | rhesa
2017-04-01 | 0 | xsawyerx | App-Cmd | rjbs
2017-04-01 | 1 | choroba | Params-Validate | drolsky
2017-04-01 | 1 | jj | Alien-Base | plicease
2017-04-01 | 1 | cv-library | libwww-perl | oalders
2017-04-01 | 1 | lharey | Log-Log4perl | mschilli
2017-04-01 | 1 | ZipRecruiter | WWW-Mechanize | oalders
2017-04-01 | 1 | perlancar | HTTP-Server-Simple | bps
2017-04-01 | 1 | paultcochrane | Test-Script | plicease
2017-04-01 | 1 | mjg17 | Test-CheckManifest | reneeb
2017-08-01 | 1 | simbabque | POE-Component-Server-Twirc | mmims
2017-08-01 | 1 | kyzn | App-p | ironcamel
2017-08-01 | 1 | lancew | Outthentic | melezhik
2017-08-01 | 1 | paultcochrane | Pegex | ingy
2017-08-01 | 1 | shlomif | GD | rurban
2017-08-01 | 1 | yanick | Net-Curl | syp
2017-08-01 | 1 | jj | UNIVERSAL-Object | stevan
2017-08-01 | 1 | ZipRecruiter | Paws | jlmartin
2017-08-01 | 1 | lharey | DBIx-Custom | kimoto
2017-08-01 | 1 | genio | SVG | manwar
2017-08-01 | 1 | jjatria | App-CLI | ptc
2017-08-01 | 1 | manwar | Net-SSH-Perl-ProxiedIPC | bdfoy
2017-08-01 | 1 | cv-library | HTTP-Cookies | oalders
2017-08-01 | 1 | s-nez | Sub-Current | rgarcia
2017-12-01 | 1 | lancew | Device-Cdio | rocky
2017-12-01 | 0 | jj | JSON-SL | mnunberg
2017-12-01 | 0 | openstrike | Mojolicious-Plugin-OpenAPI | jhthorsen
2017-12-01 | 1 | manwar | Type-Tiny-Signatures | awncorp
2017-12-01 | 0 | jjatria | Plack-App-MCCS | idoperel
2017-12-01 | 1 | cv-library | Scalar-List-Utils | rurban
2017-12-01 | 1 | yanick | File-HomeDir | rehsack
2017-12-01 | 1 | simbabque | Shell-Guess | plicease
2017-12-01 | 1 | ZipRecruiter | Text-Template | mschout
2017-12-01 | 1 | shlomif | Log-Any | preaction
2017-12-01 | 0 | s-nez | HTML-Element-Replacer | accardo
2017-12-01 | 1 | paultcochrane | String-Compare-ConstantTime | fractal
2017-10-01 | 1 | manwar | POE-Component-Github | bingos
2017-10-01 | 1 | cv-library | Test2-Suite | exodist
2017-10-01 | 1 | choroba | LWP-UserAgent-POE | mschilli
2017-10-01 | 1 | jjatria | XML-SemanticDiff | shlomif
2017-10-01 | 1 | kyzn | AnyEvent-Filesys-Notify | mgrimes
2017-10-01 | 1 | shlomif | MojoX-Redis | undef
2017-10-01 | 1 | yanick | PPIx-EditorTools | yanick
2017-10-01 | 1 | jj | HTML-Formatter | nigelm
2017-10-01 | 1 | simbabque | Dist-Zilla-Plugin-Test-Version | plicease
2017-10-01 | 1 | ZipRecruiter | Software-License | leont
2017-10-01 | 1 | openstrike | Test-LeakTrace | leejo
2017-10-01 | 1 | paultcochrane | Module-Release | bdfoy
2017-10-01 | 1 | lancew | Locale-Codes | sbeck
2017-11-01 | 1 | paultcochrane | Minion-Backend-mysql | preaction
2017-11-01 | 0 | robdixon | PkgConfig | plicease
2017-11-01 | 1 | jj | Debug-Client | manwar
2017-11-01 | 1 | shlomif | Alien-LMDB | fractal
2017-11-01 | 1 | simbabque | LaTeX-Driver | einhverfr
2017-11-01 | 1 | yanick | Data-Object | awncorp
2017-11-01 | 1 | lharey | Module-Starter-Smart | rueycheng
2017-11-01 | 1 | lancew | Crypt-PBKDF2 | arodland
2017-11-01 | 1 | openstrike | Net-Amazon-Route53 | mfontani
2017-11-01 | 1 | cv-library | Moose | ether
2017-11-01 | 1 | manwar | URI-Template | bricas
2017-11-01 | 0 | choroba | Validator-Custom | kimoto
2017-05-01 | 1 | lancew | Box-Calc | rizen
2017-05-01 | 1 | mjg17 | POE-Component-MessageQueue | ironcamel
2017-05-01 | 1 | s-nez | ExtUtils-MakeMaker | bingos
2017-05-01 | 1 | perlancar | Rex | jfried
2017-05-01 | 1 | paultcochrane | WebService-Pushover | shuff
2017-05-01 | 1 | kyzn | AnyEvent-WebSocket-Client | plicease
2017-05-01 | 1 | jjatria | Couchbase-Client | mnunberg
2017-05-01 | 1 | shlomif | TermReadKey | jstowe
2017-05-01 | 1 | ZipRecruiter | Devel-TraceUse | book
2017-05-01 | 1 | yanick | MyCPAN-Indexer | bdfoy
2017-05-01 | 1 | manwar | Net-HTTP | oalders
2017-05-01 | 1 | cv-library | App-AltSQL | ewaters
2017-05-01 | 1 | simbabque | DBIx-Class-Helpers | frew
2017-05-01 | 1 | jj | LWP-Protocol-https | oalders
2017-05-01 | 1 | choroba | PDF-Table | omega
2017-01-01 | 1 | jjatria | Linux-Unshare | hackman
2017-01-01 | 1 | perlancar | Statocles | preaction
2017-01-01 | 1 | jj | MySQL-Diff | estrabd
2017-01-01 | 1 | cakirke | Daemon-Control | symkat
2017-01-01 | 1 | manwar | Syntax-Highlight-Engine-Kate | manwar
2017-01-01 | 1 | kyzn | Devel-ebug | awwaiid
2017-01-01 | 1 | openstrike | SQL-Abstract-More | dami
2017-01-01 | 1 | shlomif | AnyEvent-Ping | undef
2017-01-01 | 1 | marderh | Sub-Identify | rgarcia
2017-01-01 | 1 | paultcochrane | DBIx-Class-InflateColumn-Serializer | mruiz
2017-01-01 | 1 | hchienjo | Math-GSL | leto
2017-01-01 | 1 | cv-library | Task-Biodiverse-NoGUI | slaffan
2017-01-01 | 1 | jluis | Exobrain | pjf
2017-01-01 | 1 | monsieurp | Data-Frame | zmughal
2017-01-01 | 1 | sdeseille | Git-CPAN-Patch | yanick
2017-01-01 | 1 | nbezzala | HTTP-Async | kaoru
2017-01-01 | 1 | lharey | Make | klptwo
2017-01-01 | 1 | kwakwaversal | URI-NamespaceMap | kjetilk
2017-01-01 | 1 | simbabque | Dancer2-Plugin-Auth-Extensible-Provider-DBIC | abeverley
2017-01-01 | 1 | trwww | Bot-Cobalt | avenj
2017-01-01 | 1 | stevieb9 | gettext | pvandry
2017-01-01 | 1 | lorn | POE-Loop-EV | dbook
2017-01-01 | 1 | lancew | Search-OpenSearch-Server | karman
2017-01-01 | 1 | brummett | Devel-Examine-Subs | steveb
2017-01-01 | 1 | yanick | Locale-Wolowitz | idoperel
2017-01-01 | 1 | genehack | Test-Mojibake | syp
2017-01-01 | 1 | genio | Prima | karasik
2017-01-01 | 1 | choroba | Jemplate | ingy
2017-01-01 | 1 | ambs | Data-Compare | dcantrell
2017-01-01 | 1 | s-nez | Convert-Binary-C | mhx
2017-01-01 | 1 | soren | App-autotest | ggoldbach
2017-01-01 | 1 | brad-mac | Shell-Config-Generate | plicease
2017-01-01 | 1 | vti | JSON-Create | bkb
2017-01-01 | 1 | kharec | MojoX-Routes-AsGraph | melo
2017-01-01 | 1 | pauloscustodio | Template-Caribou | yanick
2017-02-01 | 1 | jj | Swim | ingy
2017-02-01 | 1 | pauloscustodio | Devel-ebug | awwaiid
2017-02-01 | 1 | monsieurp | Linux-Unshare | hackman
2017-02-01 | 1 | genio | Convert-Binary-C | mhx
2017-02-01 | 1 | perlancar | true | chocolate
2017-02-01 | 1 | choroba | App-GitHooks | aubertg
2017-02-01 | 1 | cv-library | Git-Hooks | gnustavo
2017-02-01 | 1 | jjatria | Regexp-Common-time | manwar
2017-02-01 | 1 | xsawyerx | Dancer2-Plugin-DBIC | ironcamel
2017-02-01 | 1 | simbabque | AWS-S3 | leejo
2017-02-01 | 1 | kharec | Bash-Completion | melo
2017-02-01 | 1 | paultcochrane | Unicode-CaseFold | arodland
2017-02-01 | 1 | yanick | Benchmark-Perl-Formance | schwigon
2017-02-01 | 1 | lharey | Template-Caribou | yanick
2017-02-01 | 1 | vti | Locale-Wolowitz | idoperel
2017-02-01 | 1 | lancew | POE-Component-Sequence | ewaters
2017-02-01 | 1 | openstrike | SQL-Abstract-FromQuery | dami
2017-02-01 | 1 | kyzn | Log-Dispatch | drolsky
2017-02-01 | 1 | s-nez | AnyEvent-Subprocess | jrockway
2017-02-01 | 1 | shlomif | File-ShareDir | rehsack
2017-02-01 | 1 | manwar | Test-Base | ingy
2017-03-01 | 1 | simbabque | Devel-ebug | awwaiid
2017-03-01 | 1 | kyzn | Mail-Builder | maros
2017-03-01 | 1 | lharey | App-GitHooks | aubertg
2017-03-01 | 1 | jjatria | Env-C | mschout
2017-03-01 | 1 | cv-library | Linux-Unshare | hackman
2017-03-01 | 1 | manwar | App-GitGot | genehack
2017-03-01 | 1 | jluis | true | chocolate
2017-03-01 | 1 | shlomif | PerlPowerTools | bdfoy
2017-03-01 | 1 | lancew | POE-Component-Client-HTTP | rcaputo
2017-03-01 | 1 | genio | Make | klptwo
2017-03-01 | 1 | vti | Stepford | maxmind
2017-03-01 | 1 | s-nez | Git-Hooks | gnustavo
2017-03-01 | 1 | yanick | Regexp-Common-time | manwar
2017-03-01 | 1 | perlancar | SRU | bricas
2017-03-01 | 1 | paultcochrane | Sys-HostIP | xsawyerx
2017-03-01 | 1 | abzaloid | Test-Without-Module | corion
2017-03-01 | 1 | JaderDias | Proc-CPUUsage | melo
2017-03-01 | 1 | jj | MooseX-FileAttribute | ether
2017-09-01 | 1 | lancew | Alien-Build | plicease
2017-09-01 | 1 | lharey | MOP | stevan
2017-09-01 | 1 | simbabque | CPAN-Mini-Inject | mithaldu
2017-09-01 | 1 | openstrike | Web-Machine | drolsky
2017-09-01 | 1 | paultcochrane | Pod-POM-Web | dami
2017-09-01 | 0 | Adestra | Config-AutoConf | rehsack
2017-09-01 | 1 | shlomif | DBIx-Class-DateTime-Epoch | bricas
2017-09-01 | 1 | yanick | Sub-WrapPackages | dcantrell
2017-09-01 | 0 | genio | Business-PayPal | szabgab
2017-09-01 | 1 | cv-library | Dancer-Plugin-DBIC | ironcamel
2017-09-01 | 1 | jj | Net-Twitter | mmims
2017-09-01 | 1 | manwar | Protocol-HTTP2 | crux
2017-09-01 | 1 | jjatria | Mojolicious-Plugin-Angular-MaterialDesign | mudler
2017-09-01 | 1 | choroba | Test-Manifest | bdfoy
2017-06-01 | 1 | perlancar | AnyEvent-Gearman | melo
2017-06-01 | 1 | manwar | Reflex | rcaputo
2017-06-01 | 0 | mjg17 | ExtUtils-Install | bingos
2017-06-01 | 1 | choroba | Text-Hunspell | cosimo
2017-06-01 | 1 | yanick | Constant-Generate | mnunberg
2017-06-01 | 1 | ZipRecruiter | IO-All | frew
2017-06-01 | 1 | jjatria | AnyEvent-FTP | plicease
2017-06-01 | 1 | openstrike | Net-MAC-Vendor | bdfoy
2017-06-01 | 1 | paultcochrane | HTML-Scrubber | nigelm
2017-06-01 | 1 | simbabque | Test-DBIx-Class-Schema | chisel
2017-06-01 | 1 | kyzn | Net-Proxy | book
2017-06-01 | 1 | jj | WWW-Wikipedia | bricas
2017-06-01 | 1 | lancew | PGObject | einhverfr
2017-06-01 | 1 | cv-library | Parse-ErrorString-Perl | manwar
2017-06-01 | 1 | lharey | App-ElasticSearch-Utilities | blhotsky
2017-06-01 | 1 | shlomif | FFI-Platypus | plicease
2018-07-01 | 0 | HaraldJoerg | Test-Class-Moose | drolsky
2018-07-01 | 0 | jjatria | MaxMind-DB-Writer | maxmind
2018-07-01 | 0 | soren | RT-Client-REST | djzort
2018-07-01 | 0 | jj | Business-PayPal | szabgab
2018-07-01 | 0 | zakame | POE-Component-IRC-PluginBundle-Toys | zoffix
2018-07-01 | 0 | openstrike | Swim-Plugin-badge | ingy
2018-07-01 | 0 | s-nez | OAuth-Cmdline | mschilli
2018-07-01 | 1 | shlomif | Nexmo-SMS | reneeb
2018-07-01 | 0 | dionys | Beam-Wire | preaction
2018-07-01 | 1 | manwar | WebService-Idonethis | pjf
2018-07-01 | 0 | paultcochrane | XML-Parser-Lite | phred
2018-07-01 | 1 | yanick | Image-SVG-Path | bkb
2018-07-01 | 0 | ZipRecruiter | WebService-Client | ironcamel
2018-07-01 | 0 | SqrtNegInf | Lingua-Sentence | capoeirab
2018-07-01 | 0 | atoomic | NetPacket | yanick
2018-07-01 | 0 | pedropablorj | Dist-Zilla-App-Command-cover | doherty
2018-07-01 | 0 | cv-library | CPAN | andk
2018-04-01 | 1 | cv-library | Test-Deep | rjbs
2018-04-01 | 1 | jj | Term-ReadLine-Perl5 | rocky
2018-04-01 | 1 | jjatria | CGI-Simple | manwar
2018-04-01 | 1 | yanick | Slay-Makefile | srezic
2018-04-01 | 1 | openstrike | HTML-Element-Replacer | accardo
2018-04-01 | 1 | zakame | Math-Base36 | bricas
2018-04-01 | 1 | shlomif | WWW-Lipsum | shlomif
2018-04-01 | 1 | paultcochrane | Mojolicious-Plugin-FormFieldsFromJSON-Date | reneeb
2018-04-01 | 1 | ZipRecruiter | Test-Warn | bigj
2018-04-01 | 1 | manwar | WebService-BaseClientRole | ironcamel
2018-04-01 | 1 | soren | Template-Flute-Style-CSS | hornburg
2018-04-01 | 1 | happy-barney | IPC-System-Simple | pjf
2018-04-01 | 1 | choroba | XML-RSS | shlomif
2018-05-01 | 1 | shlomif | WebService-HabitRPG | rhoelz
2018-05-01 | 1 | openstrike | Mail-Sendmail | neilb
2018-05-01 | 1 | s-nez | App-Spec | tinita
2018-05-01 | 0 | tvroom | Vroom | ingy
2018-05-01 | 1 | jj | PkgConfig | plicease
2018-05-01 | 1 | zakame | Data-Throttler | mschilli
2018-05-01 | 1 | manwar | Perl-Critic-Git | aubertg
2018-05-01 | 1 | yanick | Transmission-Client | olof
2018-05-01 | 1 | soren | Genealogy-Gedcom-Date | rsavage
2018-05-01 | 0 | NachosDevs | Class-Throwable | kmx
2018-05-01 | 1 | paultcochrane | Hook-AfterRuntime | ptc
2018-05-01 | 1 | HaraldJoerg | RDF-Trine-Node-Literal-XML | kjetilk
2018-05-01 | 1 | happy-barney | Email-MIME | rjbs
2018-05-01 | 1 | yakunink | WWW-Mechanize-Shell | corion
2018-05-01 | 1 | lharey | Term-ProgressBar | manwar
2018-05-01 | 1 | ZipRecruiter | Git-Wrapper | genehack
2018-01-01 | 1 | shlomif | Barcode-Code93 | mstrat
2018-01-01 | 1 | yanick | Class-Base | yanick
2018-01-01 | 1 | choroba | ElasticSearchX-Model | oalders
2018-01-01 | 1 | manwar | Physics-Unit | jberger
2018-01-01 | 1 | s-nez | WWW-Contact | fayland
2018-01-01 | 1 | cv-library | Test-Perl-Critic | petdance
2018-01-01 | 1 | jj | MooX-StrictConstructor | hartzell
2018-01-01 | 1 | kyzn | Net-DHCP | djzort
2018-01-01 | 1 | paultcochrane | Valence | fractal
2018-01-01 | 1 | jjatria | Data-Random | barefoot
2018-01-01 | 1 | Adestra | utf8-all | hayobaan
2018-01-01 | 1 | ZipRecruiter | URI-Encode | mithun
2018-01-01 | 1 | happy-barney | HTML-Restrict | oalders
2018-01-01 | 1 | lharey | JIRA-REST | gnustavo
2018-01-01 | 1 | kiwiroy | Math-MatrixReal | leto
2018-01-01 | 1 | simbabque | SQLite-Work | rubykat
2018-01-01 | 1 | preaction | Dist-Zilla-Plugin-ChangelogFromGit | rcaputo
2018-01-01 | 1 | wilyarti | Term-Screen | jstowe
2018-01-01 | 1 | wheinze | Config-Tiny | rsavage
2018-01-01 | 1 | NachosDevs | Devel-LeakGuard-Object | ptc
2018-01-01 | 1 | rramesh83 | Text-Hyphen | kappa
2018-01-01 | 1 | jacoby | Log-Log4perl-Tiny | polettix
2018-01-01 | 1 | zakame | Lingua-EN-Inflect-Phrase | rkitover
2018-01-01 | 1 | scottchiefbaker | Scope-Guard | chocolate
2018-01-01 | 1 | HaraldJoerg | XML-Reader | keichner
2018-01-01 | 1 | MorayJ | Dist-Zilla-Plugin-Test-Legal | ayoung
2018-02-01 | 1 | dionys | Devel-IPerl | zmughal
2018-02-01 | 1 | openstrike | Inline-Python | nine
2018-02-01 | 0 | zzzzzzzzz | Vim-Debug | kablamo
2018-02-01 | 0 | tupinek | Test-Simple | exodist
2018-02-01 | 1 | manwar | Alien-Electron | fractal
2018-02-01 | 0 | huguei | Defaults-Modern | avenj
2018-02-01 | 0 | preaction | WebService-Raygun | heytrav
2018-02-01 | 0 | alexstuart | Mojolicious-Command-generate-qx_mojo_app | oetiker
2018-02-01 | 1 | Anufant | Mojolicious-Plugin-FormFieldsFromJSON | reneeb
2018-02-01 | 0 | scottchiefbaker | Outthentic-DSL | melezhik
2018-02-01 | 1 | soren | Mojolicious-Plugin-OpenAPI | jhthorsen
2018-02-01 | 1 | yanick | OpenERP-XMLRPC-Simple | newellc
2018-02-01 | 1 | wheinze | DBIx-Class-DeploymentHandler | frew
2018-02-01 | 1 | HaraldJoerg | Net-GitHub | fayland
2018-02-01 | 1 | paultcochrane | Dancer-Session-Cookie | yanick
2018-02-01 | 0 | kiwiroy | Text-CSV | hmbrand
2018-02-01 | 1 | jjatria | Pithub | oalders
2018-02-01 | 0 | narenthiranr | File-Path | jkeenan
2018-02-01 | 1 | shlomif | Module-Find | crenz
2018-02-01 | 1 | NachosDevs | Test-Mocha | stevenl
2018-02-01 | 1 | kyzn | Alien-LibGumbo | ruz
2018-02-01 | 0 | jdigory | Alien-Gnuplot | zowie
2018-02-01 | 1 | wilyarti | Mango | odc
2018-02-01 | 0 | mrenvoize | Alien-Box2D | froggs
2018-02-01 | 0 | jacoby | Flickr-API | lbmoore
2018-02-01 | 1 | jj | Mojo-IOLoop-ForkCall | jberger
2018-02-01 | 0 | georgyvlad | RPi-WiringPi | steveb
2018-02-01 | 1 | zakame | Log-Dispatch-FileRotate | mschout
2018-02-01 | 1 | ZipRecruiter | libwww-perl | ether
2018-02-01 | 1 | lharey | WWW-Mechanize-Firefox | corion
2018-02-01 | 0 | rramesh83 | Geo-JSON | mjemmeson
2018-02-01 | 1 | cv-library | HTTP-Date | gaas
2018-02-01 | 0 | DadaIsCrazy | Text-Hogan | kaoru
2018-02-01 | 1 | ThornyS | GraphViz2 | rsavage
2018-03-01 | 1 | ZipRecruiter | HTML-FormFu | cfranks
2018-03-01 | 1 | soren | Inline | ingy
2018-03-01 | 0 | wilyarti | RRDTool-OO | mschilli
2018-03-01 | 0 | MorayJ | Config-AutoConf | rehsack
2018-03-01 | 1 | cv-library | Devel-StackTrace | drolsky
2018-03-01 | 0 | simbabque | Alien-GMP | plicease
2018-03-01 | 0 | Anufant | Dancer2-Session-DBIC | hornburg
2018-03-01 | 0 | ThornyS | Perinci-CmdLine-Lite | perlancar
2018-03-01 | 1 | shlomif | Git-Repository-Plugin-AUTOLOAD | book
2018-03-01 | 1 | paultcochrane | Dezi-App | karman
2018-03-01 | 1 | NachosDevs | DBIx-DataModel | dami
2018-03-01 | 1 | zakame | Parse-CPAN-Packages | mithaldu
2018-03-01 | 1 | jjatria | Config-IniFiles | shlomif
2018-03-01 | 1 | manwar | Geo-ShapeFile | slaffan
2018-03-01 | 1 | jj | JavaScript-Beautifier | fayland
2018-03-01 | 0 | Adestra | Math-Prime-Util | danaj
2018-03-01 | 0 | polloparatodos | Net-CUPS | nine
2018-03-01 | 1 | yanick | DateTime-Format-Human-Duration | mstrat
2018-03-01 | 0 | kyzn | LWP-Authen-OAuth2 | domm
2018-03-01 | 1 | lharey | Test-MockModule | gfranks
2018-03-01 | 0 | waterkip | Array-Compare | davecross
2018-03-01 | 1 | happy-barney | Spreadsheet-Read | hmbrand
2018-03-01 | 1 | choroba | Exception-Base | dexter
2018-03-01 | 0 | eead-csic-compbio | Bio-Phylo | rvosa
2018-06-01 | 0 | happy-barney | ExtUtils-Install | bingos
2018-06-01 | 1 | manwar | Module-Package | ingy
2018-06-01 | 1 | soren | WWW-Google-Time | zoffix
2018-06-01 | 1 | yanick | Alien-Thrust | fractal
2018-06-01 | 1 | openstrike | Perl-Critic-OTRS | reneeb
2018-06-01 | 0 | lharey | Email-Sender | rjbs
2018-06-01 | 1 | zakame | SVN-Notify | dwheeler
2018-06-01 | 1 | paultcochrane | CPAN-Mini-Webserver | mithaldu
2018-06-01 | 1 | HaraldJoerg | Fennec | exodist
2018-06-01 | 0 | choroba | String-CRC32 | leejo
2018-06-01 | 1 | jj | Continuity | awwaiid
2018-06-01 | 0 | yakunink | cpan-outdated | dolmen
2018-06-01 | 1 | shlomif | Dist-Zilla-Plugin-ReadmeFromPod | fayland
2018-06-01 | 1 | jjatria | Params-Validate-Dependencies | dcantrell
